Unnamed: 0,id,address_state,application_type,emp_length,emp_title,grade,home_ownership,issue_date,last_credit_pull_date,last_payment_date,loan_status,next_payment_date,member_id,purpose,sub_grade,term,verification_status,annual_income,dti,installment,int_rate,loan_amount,total_acc,total_payment,month,bad_loan_probability,risk_label
24686,978836,VA,INDIVIDUAL,2 years,City of North Myrtle Beach,F,RENT,2021-10-11,16-05-2021,16-05-2021,Current,16-06-2021,1201688,Debt consolidation,F1, 60 months,Verified,30696.0,0.188,411.63,0.2089,15250,25,22610,October,0.8645949850084038,High Risk
37261,781558,OR,INDIVIDUAL,3 years,,F,RENT,2021-06-11,16-05-2021,16-05-2021,Current,16-06-2021,984415,small business,F5, 60 months,Source Verified,66000.0,0.028,180.2,0.2294,6400,9,10612,June,0.8587850140584742,High Risk
24223,1015211,NV,INDIVIDUAL,7 years,united healthcare,F,MORTGAGE,2021-11-11,16-05-2021,16-05-2021,Current,16-06-2021,1242650,Debt consolidation,F3, 60 months,Not Verified,38000.0,0.1459,257.18,0.2167,9375,40,13626,November,0.8561723642392981,High Risk
37259,1006097,NC,INDIVIDUAL,2 years,,F,RENT,2021-11-11,16-05-2021,16-05-2021,Current,16-06-2021,1232499,small business,F4, 60 months,Source Verified,91200.0,0.0905,663.68,0.2206,24000,13,35828,November,0.8557755651822179,High Risk
37251,1030283,CA,INDIVIDUAL,6 years,SKYFLEET,C,RENT,2021-11-11,16-05-2021,16-05-2021,Current,16-06-2021,1259689,small business,C4, 60 months,Source Verified,26000.0,0.1643,160.35,0.1527,6700,36,8466,November,0.8551715329874198,High Risk
24230,1054298,FL,INDIVIDUAL,6 years,Seminole Hard Rock Hotel & Casino,G,OWN,2021-12-11,16-05-2021,16-05-2021,Current,16-06-2021,1286137,Debt consolidation,G3, 60 months,Not Verified,40000.0,0.192,519.95,0.2352,18250,16,27548,December,0.8551096208039494,High Risk
37279,990073,AZ,INDIVIDUAL,1 year,,F,MORTGAGE,2021-11-11,16-05-2021,16-05-2021,Current,16-06-2021,1214044,small business,F1, 60 months,Verified,70000.0,0.1533,809.75,0.2089,30000,7,43740,November,0.8442737816798827,High Risk
37292,855468,PA,INDIVIDUAL,1 year,TicketNetwork,E,RENT,2021-08-11,16-05-2021,16-05-2021,Current,16-06-2021,1067780,small business,E5, 60 months,Verified,60000.0,0.2034,336.92,0.1969,12800,16,18834,August,0.8418997837718106,High Risk
37289,998694,AZ,INDIVIDUAL,7 years,,E,RENT,2021-11-11,16-05-2021,16-05-2021,Current,16-06-2021,1223870,small business,E3, 60 months,Verified,55000.0,0.0801,719.74,0.1942,27500,23,38839,November,0.8366536467024354,High Risk
37293,734957,PA,INDIVIDUAL,10+ years,Metro Beverage,F,RENT,2021-06-11,16-05-2021,16-05-2021,Current,16-06-2021,931555,small business,F2, 60 months,Verified,36000.0,0.0233,161.05,0.2062,6000,10,9495,June,0.8356586289676258,High Risk
6789,1062756,NY,INDIVIDUAL,10+ years,Garren New York,G,RENT,2021-12-11,16-05-2021,16-05-2021,Current,16-06-2021,1271501,Debt consolidation,G3, 60 months,Source Verified,61000.0,0.1165,370.38,0.2352,13000,14,19605,December,0.8354524827354953,High Risk
37228,1017039,AL,INDIVIDUAL,10+ years,Camino Real,D,MORTGAGE,2021-11-11,16-05-2021,16-05-2021,Current,16-06-2021,1244995,small business,D4, 60 months,Not Verified,48000.0,0.2032,377.49,0.1758,15000,27,19977,November,0.8323764828169642,High Risk
24667,1033173,GA,INDIVIDUAL,2 years,Georgia Military College,E,RENT,2021-12-11,16-05-2021,16-05-2021,Current,16-06-2021,1262733,Debt consolidation,E5, 60 months,Verified,50000.0,0.2275,508.57,0.203,19075,51,26979,December,0.8299044258241531,High Risk
24680,1035681,NJ,INDIVIDUAL,10+ years,Motiva Enterprises,F,RENT,2021-12-11,16-05-2021,16-05-2021,Current,16-06-2021,1265532,Debt consolidation,F4, 60 months,Verified,90000.0,0.1636,967.86,0.2206,35000,29,51286,December,0.8296468278815918,High Risk
24564,1031352,IL,INDIVIDUAL,10+ years,golden state foods,F,MORTGAGE,2021-11-11,16-05-2021,16-05-2021,Current,16-06-2021,1260970,Debt consolidation,F2, 60 months,Verified,66000.0,0.228,431.3,0.2128,15850,36,22878,November,0.826849873691196,High Risk
24645,790479,FL,INDIVIDUAL,10+ years,advance auto parts,D,RENT,2021-07-11,16-05-2021,16-05-2021,Current,16-06-2021,994620,Debt consolidation,D4, 60 months,Verified,34500.0,0.2303,481.62,0.1689,19425,11,27894,July,0.8264658192672841,High Risk
24681,890375,MA,INDIVIDUAL,5 years,Onyx Specialty Papers,F,RENT,2021-11-11,16-05-2021,16-05-2021,Current,16-06-2021,1107006,Debt consolidation,F4, 60 months,Verified,67000.0,0.2155,967.86,0.2206,35000,22,52294,November,0.8263342227371804,High Risk
37233,798525,CA,INDIVIDUAL,1 year,Greystone West,C,RENT,2021-07-11,16-05-2021,16-05-2021,Current,16-06-2021,1003652,small business,C2, 60 months,Not Verified,52000.0,0.0907,391.08,0.1349,17000,16,22661,July,0.8256542375379551,High Risk
37256,762174,IL,INDIVIDUAL,1 year,pem transportation,E,RENT,2021-05-11,16-05-2021,16-05-2021,Current,16-06-2021,962681,small business,E5, 60 months,Source Verified,54000.0,0.126,326.39,0.1969,12400,22,19221,May,0.8250321936308187,High Risk
37287,999492,WA,INDIVIDUAL,10+ years,UPF Services LLC,C,RENT,2021-11-11,16-05-2021,16-05-2021,Current,16-06-2021,1224856,small business,C1, 60 months,Verified,60000.0,0.1416,690.15,0.1349,30000,37,37244,November,0.8238797330580718,High Risk
24687,985311,TX,INDIVIDUAL,4 years,Zachry Industrial Incorporation,G,RENT,2021-10-11,16-05-2021,16-05-2021,Current,16-06-2021,1209012,Debt consolidation,G1, 60 months,Verified,52000.0,0.1777,734.69,0.2274,26200,25,39779,October,0.8225675754639048,High Risk
35420,819983,CA,INDIVIDUAL,< 1 year,SAFE Security,E,RENT,2021-07-11,16-05-2021,16-05-2021,Current,16-06-2021,1028163,other,E5, 60 months,Verified,33000.0,0.2484,263.22,0.1969,10000,6,14977,July,0.8187243709513237,High Risk
31610,1063958,WA,INDIVIDUAL,4 years,community colleges of spokane,D,RENT,2021-12-11,16-05-2021,16-06-2021,Current,16-07-2021,1297940,other,D3, 60 months,Verified,28000.0,0.0634,349.98,0.1727,14000,10,18177,December,0.8177754213368639,High Risk
37290,859323,WA,INDIVIDUAL,1 year,Philips Services Corporation,E,RENT,2021-09-11,16-05-2021,16-05-2021,Current,16-06-2021,1071961,small business,E1, 60 months,Verified,50000.0,0.1032,271.66,0.1799,10700,8,15200,September,0.8145463818751905,High Risk
37235,786427,AZ,INDIVIDUAL,4 years,route relievers/bimbo bakeries,D,RENT,2021-06-11,16-05-2021,16-05-2021,Current,16-06-2021,989818,small business,D3, 60 months,Not Verified,55000.0,0.2383,294.96,0.1649,12000,32,17086,June,0.8135794666201289,High Risk
37258,779854,CA,INDIVIDUAL,4 years,National Concrete Washout,E,RENT,2021-06-11,16-05-2021,16-05-2021,Current,16-06-2021,982619,small business,E5, 60 months,Source Verified,54000.0,0.1562,315.87,0.1969,12000,16,18289,June,0.8128612854430993,High Risk
24655,788563,CO,INDIVIDUAL,10+ years,Costilla County Clerk,D,RENT,2021-06-11,16-05-2021,16-05-2021,Current,16-06-2021,992306,Debt consolidation,D3, 60 months,Verified,30000.0,0.202,356.4,0.1649,14500,20,20632,June,0.8120308262754747,High Risk
37271,986180,PA,INDIVIDUAL,5 years,Heass Auto Exchange,C,MORTGAGE,2021-10-11,16-05-2021,16-05-2021,Current,16-06-2021,1209883,small business,C5, 60 months,Verified,60000.0,0.225,798.76,0.1596,32875,29,43079,October,0.8112165933828771,High Risk
35411,824729,IL,INDIVIDUAL,10+ years,Barrington School District,B,RENT,2021-08-11,16-05-2021,16-05-2021,Current,16-06-2021,1033471,other,B5, 60 months,Verified,30000.0,0.1372,222.4,0.1199,10000,32,12627,August,0.8110782412831609,High Risk
37248,779194,NC,INDIVIDUAL,10+ years,Dystar LP,D,OWN,2021-06-11,16-05-2021,16-05-2021,Current,16-06-2021,981855,small business,D3, 60 months,Source Verified,82000.0,0.1976,454.72,0.1649,30000,31,26803,June,0.8105556897215267,High Risk
35537,1051953,CO,INDIVIDUAL,2 years,Adams County Human Services Department,B,RENT,2021-12-11,16-05-2021,16-05-2021,Current,16-06-2021,1283471,small business,B4, 60 months,Source Verified,42336.0,0.1018,194.26,0.1242,10000,16,10285,December,0.8102882438773212,High Risk
24672,979177,NJ,INDIVIDUAL,10+ years,pepsi bottling group,E,RENT,2021-10-11,16-05-2021,16-05-2021,Current,16-06-2021,1202039,Debt consolidation,E4, 60 months,Verified,46500.0,0.1835,396.66,0.1991,15000,22,21807,October,0.8101300718274216,High Risk
37260,817184,IL,INDIVIDUAL,3 years,Portable Communications,F,RENT,2021-07-11,16-04-2021,16-05-2021,Current,16-06-2021,1024981,small business,F1, 60 months,Source Verified,40000.0,0.0552,106.54,0.2025,4000,18,6058,July,0.8098945000245675,High Risk
37230,876418,FL,INDIVIDUAL,6 years,Travelers Insurance,D,MORTGAGE,2021-09-11,16-04-2021,16-05-2021,Current,16-06-2021,1090983,small business,D4, 60 months,Not Verified,57000.0,0.1333,396.7,0.1689,16000,17,22164,September,0.8098725598320408,High Risk
24694,859544,OH,INDIVIDUAL,10+ years,Central Ohio Transit Authority,F,MORTGAGE,2021-08-11,16-05-2021,16-05-2021,Current,16-06-2021,1072240,Debt consolidation,F1, 60 months,Verified,58500.0,0.2072,380.86,0.2025,14300,16,21290,August,0.8086848597681215,High Risk
24259,806636,TX,INDIVIDUAL,2 years,Turbine Air Systems,F,RENT,2021-07-11,16-05-2021,16-05-2021,Current,16-06-2021,1012837,Debt consolidation,F5, 60 months,Not Verified,72000.0,0.1612,527.45,0.2174,19200,15,30536,July,0.8082665416280724,High Risk
24546,769533,AR,INDIVIDUAL,2 years,deltic timber,E,MORTGAGE,2021-06-11,16-05-2021,16-05-2021,Current,16-06-2021,950285,Debt consolidation,E4, 60 months,Verified,38000.0,0.1986,422.83,0.1929,16200,18,24912,June,0.8081870683953711,High Risk
24571,1034335,OR,INDIVIDUAL,10+ years,COMPEX LEGAL SERVICES,G,MORTGAGE,2021-12-11,16-05-2021,16-05-2021,Current,16-06-2021,1263935,Debt consolidation,G1, 60 months,Verified,70000.0,0.2232,420.62,0.2274,15000,17,22284,December,0.8075998134172764,High Risk
31646,1052746,TX,INDIVIDUAL,1 year,Hyatt Hotel,D,RENT,2021-12-11,16-05-2021,16-05-2021,Current,16-06-2021,1284516,other,D2, 60 months,Verified,33996.0,0.1652,187.95,0.1677,7600,21,10509,December,0.8074394989430036,High Risk
37276,831941,CT,INDIVIDUAL,2 years,Pegasus Manufacturing Inc.,E,MORTGAGE,2021-08-11,16-04-2021,16-05-2021,Current,16-06-2021,1041260,small business,E1, 60 months,Verified,70000.0,0.2433,609.32,0.1799,24000,28,34711,August,0.8063704695272352,High Risk
37280,882747,KY,INDIVIDUAL,10+ years,"PEOPLE'S SELF-HELP HOUSING, INC.",B,OWN,2021-09-11,16-05-2021,16-05-2021,Current,16-06-2021,1097987,small business,B2, 60 months,Verified,34000.0,0.1302,366.67,0.1065,17000,8,20117,September,0.8063223599440359,High Risk
24679,851035,GA,INDIVIDUAL,10+ years,Clayton County Board of Education,F,RENT,2021-08-11,16-05-2021,16-05-2021,Current,16-06-2021,1062910,Debt consolidation,F3, 60 months,Verified,73328.76,0.1969,676.2,0.2099,25000,37,37813,August,0.8058442240580221,High Risk
24572,882281,GA,INDIVIDUAL,10+ years,Infor,G,MORTGAGE,2021-09-11,16-05-2021,16-05-2021,Current,16-06-2021,1097448,Debt consolidation,G3, 60 months,Verified,80000.0,0.1765,911.69,0.2352,32000,30,50106,September,0.8047524743053353,High Risk
24660,975805,FL,INDIVIDUAL,1 year,American Land Lease,E,RENT,2021-10-11,16-05-2021,16-05-2021,Current,16-06-2021,1198140,Debt consolidation,E2, 60 months,Verified,50000.0,0.1505,648.93,0.1903,25000,37,35658,October,0.8046068426075969,High Risk
24559,965938,FL,INDIVIDUAL,3 years,Legal Aid of Western Ohio,F,MORTGAGE,2021-10-11,16-05-2021,16-05-2021,Current,16-06-2021,1186787,Debt consolidation,F4, 60 months,Verified,80000.0,0.2001,857.94,0.2206,31025,12,47171,October,0.8045520707381437,High Risk
24643,934482,CA,INDIVIDUAL,10+ years,B/E Aerospace,D,RENT,2021-10-11,16-05-2021,16-05-2021,Current,16-06-2021,1155233,Debt consolidation,D3, 60 months,Verified,37000.0,0.1203,324.98,0.1727,13000,12,17822,October,0.8042280891100387,High Risk
6464,980230,NY,INDIVIDUAL,10+ years,Daffy's,E,MORTGAGE,2021-10-11,16-05-2021,16-05-2021,Current,16-06-2021,1203405,credit card,E2, 60 months,Verified,38000.0,0.1288,394.55,0.1903,15200,28,21612,October,0.8041580115250903,High Risk
24567,815985,UT,INDIVIDUAL,10+ years,Davis School District,F,MORTGAGE,2021-07-11,16-05-2021,16-05-2021,Current,16-06-2021,1023698,Debt consolidation,F2, 60 months,Verified,64800.0,0.2291,697.85,0.2062,26000,27,40921,July,0.8030101292514297,High Risk
35419,1041645,FL,INDIVIDUAL,3 years,California Pizza Kitchen,E,RENT,2021-12-11,16-05-2021,16-05-2021,Current,16-06-2021,1271701,other,E3, 60 months,Verified,21996.0,0.0606,167.51,0.1942,6400,25,8858,December,0.802899478167903,High Risk
6470,1033026,CO,INDIVIDUAL,10+ years,Community College of Aurora,F,MORTGAGE,2021-12-11,16-05-2021,16-05-2021,Current,16-06-2021,1262581,credit card,F4, 60 months,Verified,66000.0,0.2485,718.29,0.2206,25975,28,38056,December,0.8025805991658762,High Risk
24317,968937,KY,INDIVIDUAL,10+ years,CORNING INCORPORATED,E,MORTGAGE,2021-10-11,16-05-2021,16-05-2021,Current,16-06-2021,1190340,Debt consolidation,E4, 60 months,Source Verified,60000.0,0.2288,497.15,0.1991,18800,21,27334,October,0.8023786056076555,High Risk
24219,875065,FL,INDIVIDUAL,10+ years,Mercury Marine,E,MORTGAGE,2021-10-11,16-05-2021,16-05-2021,Current,16-06-2021,1089508,Debt consolidation,E1, 60 months,Not Verified,44004.0,0.21,386.15,0.1864,15000,39,21211,October,0.802012007492132,High Risk
24693,878184,CA,INDIVIDUAL,10+ years,"Lend Lease, Inc.",F,MORTGAGE,2021-09-11,16-05-2021,16-05-2021,Current,16-06-2021,1092949,Debt consolidation,F4, 60 months,Verified,81000.0,0.1689,506.97,0.2136,25450,27,28378,September,0.8009531274330263,High Risk
24312,1043257,OH,INDIVIDUAL,10+ years,Crawford County Job & Family Services,E,MORTGAGE,2021-12-11,16-05-2021,16-05-2021,Current,16-06-2021,1273371,Debt consolidation,E2, 60 months,Source Verified,37209.6,0.1267,327.06,0.1903,12600,17,17272,December,0.8003903303528551,High Risk
6974,1058625,NY,INDIVIDUAL,2 years,Del Friscos,F,RENT,2021-12-11,16-05-2021,16-05-2021,Current,16-06-2021,1290221,Debt consolidation,F3, 60 months,Verified,85000.0,0.1144,822.95,0.2167,30000,20,43592,December,0.7988155108396933,High Risk
24260,1032091,GA,INDIVIDUAL,10+ years,Bremen Bowdon Investment Company,F,RENT,2021-12-11,16-05-2021,16-05-2021,Current,16-06-2021,1261726,Debt consolidation,F1, 60 months,Not Verified,59000.0,0.1133,404.88,0.2089,15000,25,21420,December,0.7985766159075725,High Risk
24669,986347,MA,INDIVIDUAL,3 years,Walden Behavioral Care,E,RENT,2021-10-11,16-04-2021,16-05-2021,Current,16-06-2021,1210270,Debt consolidation,E3, 60 months,Verified,41145.6,0.1557,523.45,0.1942,20000,18,28225,October,0.7982286733089703,High Risk
35404,884143,AZ,INDIVIDUAL,2 years,A.C.U.A.,C,OWN,2021-09-11,16-05-2021,16-05-2021,Current,16-06-2021,1099486,other,C2, 60 months,Verified,20400.0,0.1329,234.09,0.1427,10000,14,13366,September,0.7980340605273349,High Risk
24646,1048372,OH,INDIVIDUAL,10+ years,chromium corp.,D,RENT,2021-12-11,16-05-2021,16-05-2021,Current,16-06-2021,1279495,Debt consolidation,D5, 60 months,Verified,19200.0,0.1156,137.23,0.1825,5375,7,7253,December,0.7974854862917742,High Risk
24662,760372,TX,INDIVIDUAL,10+ years,Texas Department of Insurance,E,RENT,2021-06-11,16-05-2021,16-05-2021,Current,16-06-2021,960640,Debt consolidation,E5, 60 months,Verified,58000.0,0.2326,526.44,0.1969,20000,24,30403,June,0.796456284750668,High Risk
35365,857473,NJ,INDIVIDUAL,2 years,Premiere Response,D,OWN,2021-08-11,16-05-2021,16-05-2021,Current,16-06-2021,1069939,other,D4, 60 months,Source Verified,27000.0,0.2053,206.41,0.1689,8325,12,11548,August,0.7964548214634173,High Risk
24587,1038330,TX,INDIVIDUAL,10+ years,Texsport,E,OWN,2021-12-11,16-05-2021,16-05-2021,Current,16-06-2021,1268236,Debt consolidation,E1, 60 months,Verified,60000.0,0.2436,607.54,0.1864,23600,21,32185,December,0.7959892824142534,High Risk
24562,1011585,OH,INDIVIDUAL,10+ years,"Audit-Tel, Inc.",F,MORTGAGE,2021-11-11,16-05-2021,16-05-2021,Current,16-06-2021,1238467,Debt consolidation,F4, 60 months,Verified,95800.0,0.2181,967.86,0.2206,35000,47,51276,November,0.7956514889327823,High Risk
24666,784098,RI,INDIVIDUAL,10+ years,Johnson & Wales University,E,RENT,2021-06-11,16-04-2021,16-05-2021,Current,16-06-2021,987274,Debt consolidation,E3, 60 months,Verified,51000.0,0.1802,516.51,0.1879,25500,22,29928,June,0.7950228338909094,High Risk
24330,977772,TX,INDIVIDUAL,10+ years,HOME DEPOT,E,OWN,2021-11-11,15-01-2021,16-05-2021,Current,16-06-2021,1200591,Debt consolidation,E2, 60 months,Source Verified,44400.0,0.1865,648.93,0.1903,25000,14,34993,November,0.7941525496041992,High Risk
24315,890935,VA,INDIVIDUAL,10+ years,Philip Morris,E,MORTGAGE,2021-10-11,16-05-2021,16-05-2021,Current,16-06-2021,1107652,Debt consolidation,E5, 60 months,Source Verified,52800.0,0.1636,485.24,0.203,18200,17,26654,October,0.793019674992296,High Risk
24569,808395,MI,INDIVIDUAL,5 years,Allegiance Health,F,MORTGAGE,2021-07-11,16-05-2021,16-05-2021,Current,16-06-2021,1014023,Debt consolidation,F2, 60 months,Verified,58000.0,0.215,453.6,0.2062,24250,23,25975,July,0.7923790290893165,High Risk
37288,1000067,AL,INDIVIDUAL,< 1 year,Truevance Engineering,D,RENT,2021-11-11,16-05-2021,16-05-2021,Current,16-06-2021,1225680,small business,D2, 60 months,Verified,72000.0,0.205,370.94,0.1677,15000,30,19974,November,0.7918940305571146,High Risk
24586,894834,KY,INDIVIDUAL,2 years,Cincinnati Children's Hospital,E,OWN,2021-10-11,16-05-2021,16-05-2021,Current,16-06-2021,1115385,Debt consolidation,E4, 60 months,Verified,41000.0,0.2461,126.94,0.1991,4800,23,6849,October,0.7914650786387777,High Risk
24217,1053648,NM,INDIVIDUAL,8 years,All Done Up,D,MORTGAGE,2021-12-11,16-05-2021,16-05-2021,Current,16-06-2021,1285244,Debt consolidation,D2, 60 months,Not Verified,30000.0,0.1732,364.76,0.1677,14750,12,19307,December,0.7912121134234312,High Risk
24370,904606,NJ,INDIVIDUAL,3 years,progress rail services,D,RENT,2021-11-11,16-05-2021,16-05-2021,Current,16-06-2021,1125157,Debt consolidation,D4, 60 months,Source Verified,32000.0,0.1673,402.65,0.1758,16000,18,21307,November,0.7909906415840772,High Risk
6507,1065420,FL,INDIVIDUAL,2 years,US Legal Support,C,RENT,2021-12-11,16-04-2021,11-01-2021,Current,11-02-2021,1299514,Debt consolidation,C5, 60 months,Verified,29120.0,0.2283,242.97,0.1596,10000,31,12594,December,0.7900832942607615,High Risk
37250,849141,PA,INDIVIDUAL,4 years,,C,RENT,2021-08-11,16-05-2021,16-04-2021,Current,16-05-2021,1060836,small business,C1, 60 months,Source Verified,20000.0,0.2412,144.45,0.1299,6350,19,8059,August,0.7898508767948895,High Risk
35343,852429,TX,INDIVIDUAL,10+ years,pci health training,D,RENT,2021-08-11,16-05-2021,16-05-2021,Current,16-06-2021,1064485,other,D2, 60 months,Not Verified,42000.0,0.2117,121.57,0.1599,5000,37,6791,August,0.7894147670067524,High Risk
6466,1032493,MN,INDIVIDUAL,6 years,North Central Companies,E,MORTGAGE,2021-12-11,16-05-2021,16-05-2021,Current,16-06-2021,1262134,credit card,E4, 60 months,Verified,41000.0,0.2491,325.26,0.1991,12300,25,17257,December,0.7893320410049872,High Risk
24653,1021172,CO,INDIVIDUAL,4 years,City & County of Denver,D,RENT,2021-11-11,16-05-2021,16-05-2021,Current,16-06-2021,1249967,Debt consolidation,D3, 60 months,Verified,34008.0,0.1175,359.98,0.1727,14400,17,19395,November,0.7888437271790485,High Risk
6480,1033120,CA,INDIVIDUAL,10+ years,Hallmark,C,RENT,2021-12-11,16-05-2021,16-05-2021,Current,16-06-2021,1262685,credit card,C4, 60 months,Verified,29000.0,0.1188,358.98,0.1527,15000,16,18950,December,0.7879822747104588,High Risk
24676,1044511,TX,INDIVIDUAL,10+ years,UNITED STATES POSTAL SERVICE,E,RENT,2021-12-11,16-05-2021,16-05-2021,Current,16-06-2021,1274860,Debt consolidation,E2, 60 months,Verified,54257.0,0.24,629.46,0.1903,24250,26,33325,December,0.7878790361586041,High Risk
24649,1035594,IL,INDIVIDUAL,6 years,"Guitar Center, Inc.",D,RENT,2021-12-11,16-05-2021,16-05-2021,Current,16-06-2021,1265241,Debt consolidation,D3, 60 months,Verified,34500.0,0.2452,366.85,0.1727,14675,21,19409,December,0.7875603380576509,High Risk
37295,1045315,OR,INDIVIDUAL,6 years,Wal Mart,E,MORTGAGE,2021-12-11,16-04-2021,16-05-2021,Current,16-06-2021,1275932,small business,E5, 60 months,Verified,60000.0,0.0032,738.52,0.203,27700,9,39112,December,0.7871416508641315,High Risk
35410,985705,CA,INDIVIDUAL,9 years,UPS,B,RENT,2021-10-11,16-05-2021,16-05-2021,Current,16-06-2021,1209424,other,B4, 60 months,Verified,26400.0,0.1282,158.89,0.1242,7075,12,8575,October,0.7857231278598807,High Risk
28265,1052071,FL,INDIVIDUAL,10+ years,Palm Beach County,F,RENT,2021-12-11,16-05-2021,16-05-2021,Current,16-06-2021,1283614,house,F1, 60 months,Verified,52000.0,0.0706,464.26,0.2089,17200,6,24156,December,0.7854010854469918,High Risk
24629,1039627,CA,INDIVIDUAL,10+ years,Los Angeles County Public Works,D,RENT,2021-12-11,16-05-2021,16-05-2021,Current,16-06-2021,1269575,Debt consolidation,D3, 60 months,Verified,50400.0,0.2107,624.95,0.1727,25000,24,33095,December,0.7843008239138027,High Risk
37282,1017797,TX,INDIVIDUAL,4 years,ARAMARK Sports & Entertainment,B,RENT,2021-11-11,16-05-2021,16-05-2021,Current,16-06-2021,1245988,small business,B5, 60 months,Verified,41658.0,0.2088,564.87,0.1269,25000,18,29926,November,0.7842113361284431,High Risk
24390,778529,NY,INDIVIDUAL,6 years,Monsignor Scanlan High School,F,RENT,2021-06-11,16-05-2021,16-05-2021,Current,16-06-2021,981135,Debt consolidation,F4, 60 months,Source Verified,49000.0,0.1602,136.29,0.2136,5000,18,8034,June,0.7841982673003206,High Risk
35397,973435,TX,INDIVIDUAL,2 years,RBC Bearings,E,MORTGAGE,2021-10-11,16-05-2021,16-05-2021,Current,16-06-2021,1195434,other,E1, 60 months,Verified,43000.0,0.2344,408.03,0.1864,15850,12,22422,October,0.783790560777443,High Risk
35421,1040236,NY,INDIVIDUAL,4 years,dept. of homeland security,F,RENT,2021-12-11,16-04-2021,16-05-2021,Current,16-06-2021,1270196,other,F3, 60 months,Verified,45000.0,0.0669,219.46,0.2167,8000,5,11607,December,0.7830688579427036,High Risk
24509,1022862,FL,INDIVIDUAL,10+ years,Polk County School Board,D,MORTGAGE,2021-12-11,16-05-2021,16-05-2021,Current,16-06-2021,1251674,Debt consolidation,D5, 60 months,Verified,46520.88,0.0991,638.25,0.1825,25000,20,33800,December,0.7825664623544758,High Risk
37270,889991,GA,INDIVIDUAL,2 years,Cypress Communications,C,MORTGAGE,2021-09-11,16-05-2021,16-05-2021,Current,16-06-2021,1106615,small business,C1, 60 months,Verified,55000.0,0.1968,552.12,0.1349,24000,9,31013,September,0.7820897871861647,High Risk
37254,1050056,NY,INDIVIDUAL,1 year,Hudson Abstract Services,D,RENT,2021-12-11,16-05-2021,16-05-2021,Current,16-06-2021,1281296,small business,D3, 60 months,Source Verified,46440.0,0.0597,151.87,0.1727,6075,16,7893,December,0.7819147829150798,High Risk
37253,807705,MN,INDIVIDUAL,1 year,Ken Darling & Associates,D,RENT,2021-07-11,16-05-2021,16-05-2021,Current,16-06-2021,1014312,small business,D3, 60 months,Source Verified,55000.0,0.1691,274.68,0.1649,15000,9,15902,July,0.7813436783085694,High Risk
6473,966769,MI,INDIVIDUAL,10+ years,Alpena Public Schools,G,MORTGAGE,2021-10-11,16-05-2021,16-05-2021,Current,16-06-2021,1187450,credit card,G2, 60 months,Verified,90000.0,0.2164,731.37,0.2313,25875,24,39421,October,0.7811349491912906,High Risk
35424,1018045,CA,INDIVIDUAL,2 years,Sierra Hills Apartments,E,RENT,2021-11-11,16-05-2021,16-04-2021,Current,16-05-2021,1246231,other,E2, 60 months,Verified,38400.0,0.2047,155.75,0.1903,6000,10,8226,November,0.7807521798992969,High Risk
6931,1059284,NJ,INDIVIDUAL,5 years,Morgan Stanley,E,MORTGAGE,2021-12-11,16-04-2021,16-05-2021,Current,16-06-2021,1290887,Debt consolidation,E5, 60 months,Verified,51750.0,0.1897,533.23,0.203,20000,29,28228,December,0.7806236365423211,High Risk
24684,1038001,CA,INDIVIDUAL,2 years,Lodi Memorial Hospital,F,RENT,2021-12-11,16-05-2021,16-05-2021,Current,16-06-2021,1267709,Debt consolidation,F1, 60 months,Verified,80000.0,0.1877,755.77,0.2089,28000,19,40027,December,0.7806161231588695,High Risk
24389,1000007,NY,INDIVIDUAL,1 year,atlantic tomorrows office,E,RENT,2021-11-11,16-04-2021,16-05-2021,Current,16-06-2021,1225615,Debt consolidation,E1, 60 months,Source Verified,34992.0,0.1759,132.58,0.1864,5150,21,7144,November,0.7804944285177584,High Risk
37278,762923,OH,INDIVIDUAL,8 years,New Choices Community School,E,MORTGAGE,2021-05-11,16-05-2021,16-05-2021,Current,16-06-2021,963490,small business,E1, 60 months,Verified,60000.0,0.0916,533.15,0.1799,21000,26,31458,May,0.7802147515754588,High Risk
37244,812608,CA,INDIVIDUAL,2 years,,E,MORTGAGE,2021-07-11,16-05-2021,16-04-2021,Current,16-05-2021,1019779,small business,E5, 60 months,Source Verified,90000.0,0.1577,617.91,0.1969,35000,35,35195,July,0.7796308170869449,High Risk
24674,968704,NV,INDIVIDUAL,< 1 year,Northern Nevada Title,E,RENT,2021-10-11,16-05-2021,16-04-2021,Current,16-05-2021,1189693,Debt consolidation,E1, 60 months,Verified,60000.0,0.2112,643.58,0.1864,25000,42,34740,October,0.7792583512132568,High Risk
24628,1057171,NJ,INDIVIDUAL,10+ years,Dynamic / NDL,D,RENT,2021-12-11,16-05-2021,16-05-2021,Current,16-06-2021,1288730,Debt consolidation,D3, 60 months,Verified,52000.0,0.1385,612.46,0.1727,24500,19,32432,December,0.778733961630398,High Risk
35423,855460,MA,INDIVIDUAL,3 years,Stonehedge Rehab & Skilled Care Center,G,RENT,2021-08-11,16-05-2021,16-05-2021,Current,16-06-2021,1067770,other,G1, 60 months,Verified,82000.0,0.0376,614.53,0.2211,22200,12,34406,August,0.7785632707736417,High Risk
30375,793421,NY,INDIVIDUAL,9 years,walmart,E,RENT,2021-06-11,16-04-2021,16-05-2021,Current,16-06-2021,982659,major purchase,E1, 60 months,Verified,33523.2,0.2373,298.31,0.1799,11750,35,17281,June,0.7783941536066914,High Risk
37236,782786,DC,INDIVIDUAL,5 years,Esri,E,RENT,2021-06-11,16-05-2021,16-05-2021,Current,16-06-2021,985812,small business,E1, 60 months,Not Verified,65000.0,0.0711,543.31,0.1799,35000,17,31490,June,0.7780866883330423,High Risk
35538,1053622,TX,INDIVIDUAL,4 years,,D,RENT,2021-12-11,16-05-2021,16-05-2021,Current,16-06-2021,1285216,small business,D4, 60 months,Source Verified,43000.0,0.0483,354.84,0.1758,14100,15,18790,December,0.7777574436573909,High Risk
24531,1028703,MN,INDIVIDUAL,5 years,Hawkeye Foodservice,D,MORTGAGE,2021-11-11,16-05-2021,16-05-2021,Current,16-06-2021,1258061,Debt consolidation,D5, 60 months,Verified,51000.0,0.16,571.87,0.1825,22400,43,30260,November,0.7770837038364167,High Risk
24678,976489,CT,INDIVIDUAL,< 1 year,Ride-Away Handicap Corp.,E,RENT,2021-10-11,16-04-2021,16-05-2021,Current,16-06-2021,1199229,Debt consolidation,E4, 60 months,Verified,60000.0,0.2004,528.88,0.1991,20000,19,28554,October,0.7767480919971164,High Risk
37243,994794,IL,INDIVIDUAL,3 years,Black Horse Trucking,D,MORTGAGE,2021-10-11,16-05-2021,16-05-2021,Current,16-06-2021,1219233,small business,D3, 60 months,Source Verified,52044.0,0.0194,399.97,0.1727,16000,16,21573,October,0.7767335346907212,High Risk
35416,990329,CT,INDIVIDUAL,3 years,YWCA Hartford Region,D,RENT,2021-10-11,16-04-2021,16-05-2021,Current,16-06-2021,1214298,other,D4, 60 months,Verified,65000.0,0.1649,880.8,0.1758,35000,25,47501,October,0.7764677975944857,High Risk
6485,1041523,FL,INDIVIDUAL,10+ years,Walt Disney World,D,RENT,2021-12-11,16-05-2021,16-05-2021,Current,16-06-2021,1271754,credit card,D4, 60 months,Verified,43000.0,0.2727,443.55,0.1758,17625,16,23761,December,0.7764003493781503,High Risk
6491,1056969,MD,INDIVIDUAL,3 years,"Lion Distributing, Inc.",E,RENT,2021-12-11,16-05-2021,16-05-2021,Current,16-06-2021,1288521,credit card,E3, 60 months,Verified,36000.0,0.2313,185.83,0.1942,7100,25,9641,December,0.774873636237001,High Risk
24691,768319,PA,INDIVIDUAL,7 years,Westlake Woods Assisted Living,D,MORTGAGE,2021-06-11,16-05-2021,16-05-2021,Current,16-06-2021,969603,Debt consolidation,D4, 60 months,Verified,25000.0,0.1531,309.92,0.1689,12500,21,17889,June,0.7737421391908795,High Risk
24324,762783,OK,INDIVIDUAL,4 years,Department of the Army,F,MORTGAGE,2021-05-11,16-05-2021,16-05-2021,Current,16-06-2021,963343,Debt consolidation,F4, 60 months,Source Verified,78000.0,0.2318,436.11,0.2136,16000,23,25718,May,0.7736086887712114,High Risk
24520,993978,OH,INDIVIDUAL,10+ years,City of Cincinnati,D,MORTGAGE,2021-11-11,16-05-2021,16-05-2021,Current,16-06-2021,1218167,Debt consolidation,D2, 60 months,Verified,45000.0,0.2325,469.86,0.1677,19000,21,24860,November,0.7729574225266912,High Risk
37257,785079,IL,INDIVIDUAL,4 years,Walgreens,E,RENT,2021-06-11,16-05-2021,16-05-2021,Current,16-06-2021,988346,small business,E2, 60 months,Source Verified,48000.0,0.093,419.94,0.1839,18000,35,24355,June,0.7723928808286683,High Risk
24318,1048681,WA,INDIVIDUAL,10+ years,Brim Tractor Co,E,MORTGAGE,2021-12-11,16-05-2021,16-05-2021,Current,16-06-2021,1279645,Debt consolidation,E4, 60 months,Source Verified,47000.0,0.1131,370.22,0.1991,14000,18,19609,December,0.7723926918822038,High Risk
35356,980174,CT,INDIVIDUAL,10+ years,State Of Connecticut,D,MORTGAGE,2021-10-11,16-05-2021,16-05-2021,Current,16-06-2021,1203339,other,D4, 60 months,Source Verified,84000.0,0.2243,629.14,0.1758,25000,18,34525,October,0.772304682947418,High Risk
30362,839584,OH,INDIVIDUAL,< 1 year,Panther Expedited Services,G,RENT,2021-08-11,16-05-2021,16-05-2021,Current,16-06-2021,1049747,major purchase,G1, 60 months,Source Verified,40008.0,0.0915,276.82,0.2211,10000,8,15763,August,0.7723015795998788,High Risk
24692,861191,FL,INDIVIDUAL,10+ years,Baptist Health Systems,D,MORTGAGE,2021-09-11,16-05-2021,16-05-2021,Current,16-06-2021,1074124,Debt consolidation,D4, 60 months,Verified,54000.0,0.1524,371.91,0.1689,15000,37,20796,September,0.7717693308214433,High Risk
24670,976290,VA,INDIVIDUAL,5 years,The SportsAuthority,E,RENT,2021-10-11,16-05-2021,16-05-2021,Current,16-06-2021,1199041,Debt consolidation,E1, 60 months,Verified,45000.0,0.2235,514.86,0.1864,20000,11,28289,October,0.7715333228973769,High Risk
35338,749598,IL,INDIVIDUAL,8 years,Bon Ton,C,RENT,2021-05-11,16-05-2021,16-05-2021,Current,16-06-2021,948846,other,C2, 60 months,Not Verified,30000.0,0.178,230.05,0.1349,10000,14,13552,May,0.7706622455564095,High Risk
6800,1062612,IL,INDIVIDUAL,2 years,kwikmen trucking,E,RENT,2021-12-11,16-05-2021,16-05-2021,Current,16-06-2021,1294485,Debt consolidation,E3, 60 months,Verified,45000.0,0.2168,303.6,0.1942,18550,19,16081,December,0.7704936190274224,High Risk
24706,819721,IL,INDIVIDUAL,6 years,"Marschel Wrecking, Inc.",D,MORTGAGE,2021-07-11,16-05-2021,16-05-2021,Current,16-06-2021,1027868,Debt consolidation,D4, 60 months,Verified,38400.0,0.1381,297.53,0.1689,12000,18,16866,July,0.7704177712580493,High Risk
24642,1041823,FL,INDIVIDUAL,10+ years,Southwest Airlines,D,RENT,2021-12-11,16-05-2021,16-05-2021,Current,16-06-2021,1271859,Debt consolidation,D2, 60 months,Verified,53000.0,0.1472,519.32,0.1677,21000,16,27461,December,0.7695930625381318,High Risk
24556,915599,AZ,INDIVIDUAL,8 years,Eastern Arizona College,E,MORTGAGE,2021-11-11,16-05-2021,16-05-2021,Current,16-06-2021,1136150,Debt consolidation,E1, 60 months,Verified,46000.0,0.2246,411.89,0.1864,16000,16,21790,November,0.769535824108693,High Risk
37247,862035,OK,INDIVIDUAL,4 years,Bell Supply Co.,C,OWN,2021-09-11,16-05-2021,16-05-2021,Current,16-06-2021,1074959,small business,C4, 60 months,Source Verified,40000.0,0.0861,217.86,0.1479,9200,14,12190,September,0.7691550263117656,High Risk
24640,992658,PA,INDIVIDUAL,1 year,Cottles Asphault maint.,D,RENT,2021-11-11,16-05-2021,16-05-2021,Current,16-06-2021,1217196,Debt consolidation,D4, 60 months,Verified,55000.0,0.1776,578.81,0.1758,23000,15,31211,November,0.7690588493068861,High Risk
31595,752732,AZ,INDIVIDUAL,1 year,,C,RENT,2021-05-11,16-05-2021,16-05-2021,Current,16-06-2021,952335,moving,C4, 60 months,Not Verified,36000.0,0.232,170.5,0.1479,7200,27,10049,May,0.7685478096718754,High Risk
24683,1021444,MA,INDIVIDUAL,2 years,STANLEY BLACK AND DECKER,F,RENT,2021-11-11,16-05-2021,16-05-2021,Current,16-06-2021,1250201,Debt consolidation,F4, 60 months,Verified,145000.0,0.1294,967.86,0.2206,35000,61,51286,November,0.7685299042972971,High Risk
24381,761764,NJ,INDIVIDUAL,< 1 year,VRC Investigations,E,RENT,2021-05-11,16-05-2021,16-05-2021,Current,16-06-2021,962240,Debt consolidation,E3, 60 months,Source Verified,36000.0,0.2003,319.59,0.1879,12375,17,18834,May,0.7680321940663134,High Risk
6998,1054408,CT,INDIVIDUAL,10+ years,Hospital of St. Raphael,F,MORTGAGE,2021-12-11,16-04-2021,16-05-2021,Current,16-06-2021,1286038,Debt consolidation,F1, 60 months,Verified,76800.0,0.0683,248.33,0.2089,14000,21,13134,December,0.7676224174925852,High Risk
24372,1033954,CA,INDIVIDUAL,4 years,triad family services,D,RENT,2021-11-11,16-05-2021,16-05-2021,Current,16-06-2021,1263741,Debt consolidation,D4, 60 months,Source Verified,29000.0,0.125,91.86,0.1758,3650,28,4853,November,0.7675505120023945,High Risk
24708,875603,NY,INDIVIDUAL,7 years,Lyons Mortgage Services,F,RENT,2021-09-11,16-05-2021,16-05-2021,Current,16-06-2021,1090162,Debt consolidation,F2, 60 months,Verified,65000.0,0.113,536.81,0.2062,20000,17,29510,September,0.7669238971708694,High Risk
24329,786626,MD,INDIVIDUAL,1 year,Performace Radiator,E,OWN,2021-06-11,16-05-2021,16-05-2021,Current,16-06-2021,990035,Debt consolidation,E3, 60 months,Source Verified,24000.0,0.0555,103.31,0.1879,4000,4,5978,June,0.7668608317787113,High Risk
35344,970313,CA,INDIVIDUAL,4 years,Self employed Court Reporter,C,RENT,2021-09-11,16-05-2021,16-05-2021,Current,16-06-2021,1191970,other,C2, 60 months,Not Verified,32004.0,0.1931,46.82,0.1427,2000,32,2571,September,0.7666606319532089,High Risk
37234,985276,FL,INDIVIDUAL,1 year,,D,RENT,2021-10-11,16-05-2021,16-05-2021,Current,16-06-2021,1208969,small business,D5, 60 months,Not Verified,60000.0,0.0976,114.89,0.1825,4500,5,6295,October,0.7659683365882539,High Risk
24696,753754,NY,INDIVIDUAL,2 years,Lowe's,D,RENT,2021-05-11,16-05-2021,16-04-2021,Current,16-05-2021,953431,Debt consolidation,D4, 60 months,Verified,28800.0,0.0904,148.77,0.1689,6000,14,8731,May,0.7656128666304474,High Risk
35414,783644,WA,INDIVIDUAL,6 years,"Nintendo of America, Inc",C,RENT,2021-06-11,16-05-2021,16-05-2021,Current,16-06-2021,986782,other,C4, 60 months,Verified,28800.0,0.2079,288.31,0.1479,12175,24,16710,June,0.7650645441808035,High Risk
24539,1053289,AL,INDIVIDUAL,8 years,morgan ashley studio salon,E,MORTGAGE,2021-12-11,16-05-2021,16-05-2021,Current,16-06-2021,1284866,Debt consolidation,E2, 60 months,Verified,50000.0,0.217,674.24,0.1903,25975,16,35703,December,0.7649947775225825,High Risk
6622,1064063,NY,INDIVIDUAL,4 years,executive plaza,D,MORTGAGE,2021-12-11,16-04-2021,16-05-2021,Current,16-06-2021,1296651,Debt consolidation,D4, 60 months,Verified,44000.0,0.2498,473.75,0.1758,18825,20,24593,December,0.7649400162227218,High Risk
24387,758038,MI,INDIVIDUAL,6 years,Jon DeGraaf painting,E,MORTGAGE,2021-05-11,16-05-2021,16-05-2021,Current,16-06-2021,958152,Debt consolidation,E2, 60 months,Source Verified,26160.0,0.0867,193.97,0.1839,7575,14,11443,May,0.7647409658099191,High Risk
24213,863379,NC,INDIVIDUAL,10+ years,Duke Energy Corp,D,MORTGAGE,2021-09-11,16-05-2021,16-05-2021,Current,16-06-2021,1076455,Debt consolidation,D2, 60 months,Not Verified,38000.0,0.0963,389.01,0.1599,16000,6,22147,September,0.7643839227025112,High Risk
35377,856595,IL,INDIVIDUAL,2 years,International Code Council,F,RENT,2021-08-11,16-05-2021,16-05-2021,Current,16-06-2021,1068974,other,F1, 60 months,Source Verified,39000.0,0.0889,53.27,0.2025,2000,13,2976,August,0.7643247658906535,High Risk
6915,1059627,MA,INDIVIDUAL,< 1 year,SALON EVAMICHELLE,D,RENT,2021-12-11,16-04-2021,16-05-2021,Current,16-06-2021,1291235,Debt consolidation,D3, 60 months,Not Verified,26000.0,0.1089,331.23,0.1727,13250,18,17541,December,0.7642303386477262,High Risk
24583,983769,VA,INDIVIDUAL,10+ years,Swimways Corp.,D,OWN,2021-11-11,16-05-2021,16-05-2021,Current,16-06-2021,1207122,Debt consolidation,D5, 60 months,Verified,62000.0,0.1779,510.6,0.1825,20000,11,27502,November,0.7642259788460983,High Risk
24558,970754,VA,INDIVIDUAL,10+ years,TASC,F,MORTGAGE,2021-10-11,16-05-2021,16-05-2021,Current,16-06-2021,1192442,Debt consolidation,F5, 60 months,Verified,116000.0,0.2241,834.55,0.2235,30000,30,45863,October,0.764139818891813,High Risk
37646,966995,CA,INDIVIDUAL,10+ years,assemly,B,RENT,2021-10-11,16-05-2021,16-05-2021,Current,16-06-2021,1187692,vacation,B1, 60 months,Verified,36000.0,0.0903,246.49,0.0991,11625,19,13556,October,0.7634169159221665,High Risk
24671,1015615,MD,INDIVIDUAL,5 years,"Clinical Research Management, Inc",E,RENT,2021-11-11,16-05-2021,16-05-2021,Current,16-06-2021,1243079,Debt consolidation,E1, 60 months,Verified,57000.0,0.2107,514.86,0.1864,20000,32,27760,November,0.7633967490218473,High Risk
24524,760194,MI,INDIVIDUAL,10+ years,CITY OF EATON RAPIDS,D,MORTGAGE,2021-05-11,16-05-2021,16-05-2021,Current,16-06-2021,953349,Debt consolidation,D4, 60 months,Verified,58000.0,0.1268,609.92,0.1689,24600,25,35935,May,0.7633814040201676,High Risk
35360,1012353,FL,INDIVIDUAL,7 years,Miami Dade Transit,E,MORTGAGE,2021-11-11,16-05-2021,16-05-2021,Current,16-06-2021,1239475,other,E5, 60 months,Source Verified,47000.0,0.0595,373.26,0.203,14000,10,20114,November,0.7628539299311567,High Risk
35425,819821,IL,INDIVIDUAL,10+ years,Rockford Health System,B,RENT,2021-07-11,16-05-2021,16-05-2021,Current,16-06-2021,1027977,other,B4, 60 months,Not Verified,38004.0,0.2359,76.96,0.1149,3500,21,4356,July,0.7626177945186834,High Risk
35536,1051045,SD,INDIVIDUAL,5 years,United Parcel Service,D,OWN,2021-12-11,16-05-2021,16-05-2021,Current,16-06-2021,1282508,small business,D2, 60 months,Source Verified,50000.0,0.0629,187.95,0.1677,7600,27,9923,December,0.7613587991649888,High Risk
24668,867397,CA,INDIVIDUAL,10+ years,Time Warner Cable,E,RENT,2021-09-11,16-05-2021,16-05-2021,Current,16-06-2021,1081063,Debt consolidation,E4, 60 months,Verified,80000.0,0.2019,652.51,0.1929,25000,32,36502,September,0.7613246523336503,High Risk
28262,738203,FL,INDIVIDUAL,6 years,Mobile Home Depot,C,MORTGAGE,2021-05-11,16-05-2021,16-05-2021,Current,16-06-2021,935536,house,C2, 60 months,Verified,40000.0,0.2502,448.6,0.1349,19500,51,26440,May,0.7600622970887608,High Risk
24544,1035283,AL,INDIVIDUAL,10+ years,Civil Air Patrol,E,MORTGAGE,2021-12-11,16-05-2021,16-05-2021,Current,16-06-2021,1265124,Debt consolidation,E3, 60 months,Verified,76519.82,0.2089,916.03,0.1942,35000,28,48565,December,0.7596758245360244,High Risk
6489,1031189,PA,INDIVIDUAL,2 years,Department of Defense,E,RENT,2021-11-11,16-05-2021,16-05-2021,Current,16-06-2021,1260595,credit card,E3, 60 months,Verified,50620.0,0.2278,369.69,0.1942,14125,47,19552,November,0.7591620663128155,High Risk
35403,757305,MI,INDIVIDUAL,10+ years,city of cadillac,C,MORTGAGE,2021-06-11,16-05-2021,16-05-2021,Current,16-06-2021,957332,other,C3, 60 months,Verified,41000.0,0.2464,69.79,0.1399,3000,31,4112,June,0.7591099711000807,High Risk
37294,767882,CO,INDIVIDUAL,6 years,Clipper Windpower,F,RENT,2021-05-11,16-05-2021,16-05-2021,Current,16-06-2021,969055,small business,F1, 60 months,Verified,72000.0,0.0872,532.67,0.2025,20000,5,31411,May,0.7589851611024794,High Risk
6814,1061941,CA,INDIVIDUAL,5 years,Let's Insure,D,RENT,2021-12-11,16-05-2021,16-05-2021,Current,16-06-2021,1293989,Debt consolidation,D3, 60 months,Verified,35000.0,0.1142,75.0,0.1727,3000,15,3969,December,0.7588820595575441,High Risk
24630,806476,NC,INDIVIDUAL,2 years,NC State University,D,RENT,2021-07-11,16-05-2021,16-05-2021,Current,16-06-2021,1012660,Debt consolidation,D4, 60 months,Verified,48000.0,0.2127,446.29,0.1689,18000,30,25810,July,0.7584813473135515,High Risk
24386,991309,IL,INDIVIDUAL,5 years,Matteson School District 162,D,MORTGAGE,2021-10-11,16-05-2021,16-05-2021,Current,16-06-2021,1215494,Debt consolidation,D2, 60 months,Source Verified,42000.0,0.1931,309.12,0.1677,12500,30,16635,October,0.7580392720451283,High Risk
6465,813978,FL,INDIVIDUAL,10+ years,Robbins Lumber Company,E,MORTGAGE,2021-07-11,16-05-2021,16-05-2021,Current,16-06-2021,1021461,credit card,E1, 60 months,Verified,49000.0,0.1526,324.97,0.1799,20000,15,18502,July,0.7578579653206412,High Risk
31598,980473,TX,INDIVIDUAL,2 years,Tyson Foods Inc.,D,MORTGAGE,2021-10-11,16-05-2021,16-05-2021,Current,16-06-2021,1203664,moving,D5, 60 months,Verified,58000.0,0.167,744.83,0.1825,29175,17,40160,October,0.7565961389054753,High Risk
6488,1056945,NY,INDIVIDUAL,10+ years,century 21 dept stores,E,RENT,2021-12-11,16-04-2021,16-05-2021,Current,16-06-2021,1288501,credit card,E1, 60 months,Verified,50000.0,0.1337,514.86,0.1864,20000,19,27268,December,0.7565852749461448,High Risk
6818,1061747,CA,INDIVIDUAL,2 years,Smashbox Cosmetics,D,RENT,2021-12-11,16-05-2021,16-05-2021,Current,16-06-2021,1293775,Debt consolidation,D2, 60 months,Verified,50000.0,0.2122,445.13,0.1677,18000,15,23563,December,0.7565737755661633,High Risk
24365,839927,CA,INDIVIDUAL,3 years,desert rose casino,D,RENT,2021-08-11,16-05-2021,16-05-2021,Current,16-06-2021,1050202,Debt consolidation,D5, 60 months,Source Verified,31308.0,0.079,80.38,0.1749,3200,17,4559,August,0.7563916794104151,High Risk
24311,977182,VA,INDIVIDUAL,10+ years,Richmond Strikers Soccer Club,D,MORTGAGE,2021-10-11,16-05-2021,16-04-2021,Current,16-05-2021,1199959,Debt consolidation,D3, 60 months,Source Verified,55000.0,0.1951,524.96,0.1727,21000,17,28347,October,0.7562625830629081,High Risk
35355,863509,SC,INDIVIDUAL,8 years,JP Morgan Chase,D,MORTGAGE,2021-09-11,16-05-2021,16-05-2021,Current,16-06-2021,1076639,other,D2, 60 months,Source Verified,33696.0,0.1517,194.51,0.1599,8000,29,10862,September,0.7558391552631806,High Risk
24525,882100,GA,INDIVIDUAL,10+ years,WTVM/WXTX TV,D,MORTGAGE,2021-09-11,16-05-2021,16-05-2021,Current,16-06-2021,1097262,Debt consolidation,D4, 60 months,Verified,63000.0,0.1914,621.59,0.1758,24700,30,34397,September,0.7552461475817481,High Risk
35341,806698,NJ,INDIVIDUAL,4 years,Madison Square Garden,D,RENT,2021-07-11,16-04-2021,16-05-2021,Current,16-06-2021,1012908,other,D2, 60 months,Not Verified,39996.0,0.1671,121.57,0.1599,5000,25,7025,July,0.7544281706945158,High Risk
37281,795007,NC,INDIVIDUAL,10+ years,Dystar LP,B,OWN,2021-07-11,16-05-2021,16-05-2021,Current,16-06-2021,999695,small business,B5, 60 months,Verified,80000.0,0.2768,255.76,0.1199,11500,31,14796,July,0.7542566867253154,High Risk
24538,812710,OH,INDIVIDUAL,5 years,United Electric,E,MORTGAGE,2021-08-11,16-05-2021,16-05-2021,Current,16-06-2021,1019889,Debt consolidation,E4, 60 months,Verified,60000.0,0.1282,639.46,0.1929,24500,18,36397,August,0.7541401021472338,High Risk
35332,884507,MI,INDIVIDUAL,8 years,golden brown bakery,D,OWN,2021-09-11,16-05-2021,16-05-2021,Current,16-06-2021,1098410,other,D2, 60 months,Not Verified,30000.0,0.2296,49.46,0.1677,2000,25,2707,September,0.7539159880665137,High Risk
24514,776960,SC,INDIVIDUAL,5 years,Citi Financial,D,MORTGAGE,2021-06-11,16-05-2021,16-05-2021,Current,16-06-2021,979387,Debt consolidation,D4, 60 months,Verified,48504.0,0.2217,616.72,0.1807,24250,12,36338,June,0.7537471455894034,High Risk
24697,970821,NV,INDIVIDUAL,10+ years,McClure Stainless LLC,E,RENT,2021-10-11,16-05-2021,16-05-2021,Current,16-06-2021,1192308,Debt consolidation,E2, 60 months,Verified,75000.0,0.1486,100.59,0.1903,3875,11,5513,October,0.753496363355316,High Risk
6482,877316,GA,INDIVIDUAL,2 years,Spectrum Comm Inc,C,RENT,2021-09-11,16-05-2021,16-05-2021,Current,16-06-2021,1091973,credit card,C5, 60 months,Verified,40000.0,0.1869,478.22,0.1523,20000,19,26702,September,0.7529790339858682,High Risk
24470,1035442,FL,INDIVIDUAL,8 years,Henry Schein,C,MORTGAGE,2021-12-11,16-05-2021,16-05-2021,Current,16-06-2021,1265069,Debt consolidation,C2, 60 months,Verified,35000.0,0.2321,271.54,0.1427,11600,14,14369,December,0.7529469052160384,High Risk
24647,853576,CA,INDIVIDUAL,3 years,Westfield Corp.,D,RENT,2021-08-11,16-05-2021,16-05-2021,Current,16-06-2021,1065749,Debt consolidation,D4, 60 months,Verified,52000.0,0.2435,586.99,0.1689,23675,23,32811,August,0.7528578628494422,High Risk
6467,806426,AZ,INDIVIDUAL,10+ years,Avnet,E,MORTGAGE,2021-07-11,16-05-2021,16-05-2021,Current,16-06-2021,1012604,credit card,E3, 60 months,Verified,68000.0,0.2199,470.67,0.1879,18225,37,27252,July,0.7527323907482267,High Risk
6461,1052725,WI,INDIVIDUAL,10+ years,RockTenn,D,MORTGAGE,2021-12-11,16-05-2021,16-05-2021,Current,16-06-2021,1284292,credit card,D4, 60 months,Verified,47000.0,0.2405,533.51,0.1758,21200,28,28265,December,0.7524564344095424,High Risk
24615,928485,AZ,INDIVIDUAL,10+ years,1013 communications,C,RENT,2021-11-11,16-05-2021,16-05-2021,Current,16-06-2021,1149236,Debt consolidation,C1, 60 months,Verified,40000.0,0.2871,364.63,0.1349,15850,15,19647,November,0.7524340782623167,High Risk
24552,870158,OH,INDIVIDUAL,10+ years,South Western City Schools,E,MORTGAGE,2021-09-11,16-05-2021,16-05-2021,Current,16-06-2021,1084157,Debt consolidation,E2, 60 months,Verified,65000.0,0.2407,412.26,0.1839,16100,20,23084,September,0.7523248271950012,High Risk
24215,765295,AR,INDIVIDUAL,10+ years,AR Department of Human Services,D,MORTGAGE,2021-05-11,16-05-2021,16-05-2021,Current,16-06-2021,966157,Debt consolidation,D3, 60 months,Not Verified,43104.0,0.2082,280.21,0.1649,11400,16,16505,May,0.7522641941298978,High Risk
24635,1053817,KS,INDIVIDUAL,4 years,"SOR, Inc",D,RENT,2021-12-11,16-05-2021,16-05-2021,Current,16-06-2021,1285425,Debt consolidation,D5, 60 months,Verified,52470.0,0.1756,497.83,0.1825,19500,17,26352,December,0.7519321154601992,High Risk
30386,1059698,CA,INDIVIDUAL,3 years,UC Davis,C,RENT,2021-12-11,16-05-2021,16-05-2021,Current,16-06-2021,1291514,medical,C2, 60 months,Source Verified,41000.0,0.2277,280.91,0.1427,12000,15,14879,December,0.7516530993956635,High Risk
24540,965258,PA,INDIVIDUAL,8 years,READINGTON FARMS,E,MORTGAGE,2021-10-11,16-05-2021,16-05-2021,Current,16-06-2021,1169270,Debt consolidation,E5, 60 months,Verified,74000.0,0.1905,933.14,0.203,35000,21,51264,October,0.7515805708443537,High Risk
24704,813159,NY,INDIVIDUAL,10+ years,Adecco,F,RENT,2021-07-11,16-05-2021,16-05-2021,Current,16-06-2021,1020585,Debt consolidation,F3, 60 months,Source Verified,81000.0,0.133,243.43,0.2099,9000,17,13869,July,0.7513245004299488,High Risk
27848,857174,CO,INDIVIDUAL,2 years,7 Eleven Inc,E,RENT,2021-08-11,16-04-2021,16-05-2021,Current,16-06-2021,1069608,home improvement,E5, 60 months,Source Verified,44000.0,0.0995,452.74,0.1969,17200,10,25333,August,0.7513193048563036,High Risk
24333,999834,TX,INDIVIDUAL,10+ years,District Construction LLC,F,OWN,2021-11-11,16-05-2021,16-05-2021,Current,16-06-2021,1225223,Debt consolidation,F1, 60 months,Source Verified,77160.0,0.0956,944.71,0.2089,35000,44,50970,November,0.7512934706207832,High Risk
37229,758795,FL,INDIVIDUAL,2 years,Skytrex Systems LLC,D,MORTGAGE,2021-05-11,16-05-2021,16-05-2021,Current,16-06-2021,958999,small business,D3, 60 months,Not Verified,94000.0,0.2149,221.22,0.1649,9000,35,13014,May,0.7509843659455202,High Risk
6463,807257,AL,INDIVIDUAL,10+ years,Merchants Adjustment Service,D,MORTGAGE,2021-07-11,16-05-2021,16-05-2021,Current,16-06-2021,1013805,credit card,D5, 60 months,Verified,65000.0,0.1776,797.46,0.1749,35000,27,46175,July,0.7497322985172009,High Risk
24328,891256,CA,INDIVIDUAL,< 1 year,neiman marcus,D,OWN,2021-09-11,16-05-2021,16-05-2021,Current,16-06-2021,1108038,Debt consolidation,D5, 60 months,Source Verified,24996.0,0.0418,127.65,0.1825,5000,9,6999,September,0.7492984862459554,High Risk
35417,774770,IL,INDIVIDUAL,< 1 year,FARMLAND FOOD,D,RENT,2021-06-11,16-05-2021,16-05-2021,Current,16-06-2021,976967,other,D2, 60 months,Verified,31200.0,0.0038,85.1,0.1599,3500,14,4998,June,0.7492494292130769,High Risk
24627,744759,LA,INDIVIDUAL,1 year,The Receivables Exchange,D,RENT,2021-07-11,16-05-2021,16-05-2021,Current,16-06-2021,943263,Debt consolidation,D4, 60 months,Verified,65000.0,0.1684,867.78,0.1689,35000,24,51263,July,0.748870753464663,High Risk
6469,1035425,VA,INDIVIDUAL,10+ years,"EOIR Technologies, Inc.",F,MORTGAGE,2021-12-11,16-05-2021,16-05-2021,Current,16-06-2021,1265050,credit card,F4, 60 months,Verified,95300.0,0.1471,967.86,0.2206,35000,38,51286,December,0.7488449818273406,High Risk
35367,869138,MD,INDIVIDUAL,1 year,rosen-hoffberg pain management,B,RENT,2021-09-11,16-05-2021,16-05-2021,Current,16-06-2021,1083035,other,B5, 60 months,Source Verified,29004.0,0.1092,106.75,0.1199,4800,7,5957,September,0.7484758735566891,High Risk
35401,787441,GA,INDIVIDUAL,10+ years,United Parcel Service,F,MORTGAGE,2021-08-11,16-05-2021,16-05-2021,Current,16-06-2021,990979,other,F2, 60 months,Verified,90060.0,0.1448,571.7,0.2062,21300,21,32571,August,0.7481455001937164,High Risk
1494,1044500,NY,INDIVIDUAL,10+ years,Nypd,F,OWN,2021-12-11,16-05-2021,16-05-2021,Current,16-06-2021,1274849,car,F1, 60 months,Verified,100000.0,0.1884,863.73,0.2089,32000,24,45754,December,0.747793567036618,High Risk
24588,895682,TX,INDIVIDUAL,5 years,Insperity,E,OWN,2021-10-11,16-05-2021,16-04-2021,Current,16-05-2021,1116233,Debt consolidation,E5, 60 months,Verified,65000.0,0.2034,533.23,0.203,20000,22,28764,October,0.7477664880036428,High Risk
35372,831048,NY,INDIVIDUAL,3 years,Charlotte Ronson LLC,D,RENT,2021-08-11,16-05-2021,16-05-2021,Current,16-06-2021,1040246,other,D4, 60 months,Source Verified,48000.0,0.0305,357.03,0.1689,14400,7,20286,August,0.7477262242525109,High Risk
37645,760496,OH,INDIVIDUAL,10+ years,columbus bakery,C,RENT,2021-05-11,16-05-2021,16-05-2021,Current,16-06-2021,960772,vacation,C3, 60 months,Not Verified,60000.0,0.1578,116.32,0.1399,5000,37,6853,May,0.7473681709825557,High Risk
31624,1064897,FL,INDIVIDUAL,3 years,AT and T,E,RENT,2021-12-11,16-04-2021,16-04-2021,Current,16-05-2021,1298948,other,E2, 60 months,Source Verified,53004.0,0.1073,77.88,0.1903,3000,12,4041,December,0.7473350662171343,High Risk
27881,824387,CA,INDIVIDUAL,10+ years,San Bernardino City School District,E,MORTGAGE,2021-08-11,16-05-2021,16-05-2021,Current,16-06-2021,1033044,home improvement,E1, 60 months,Verified,61000.0,0.2071,507.76,0.1799,20000,28,28906,August,0.7470542102163039,High Risk
6484,768084,AZ,INDIVIDUAL,6 years,Dominion Enterprises,D,RENT,2021-06-11,16-05-2021,16-05-2021,Current,16-06-2021,969297,credit card,D4, 60 months,Verified,48000.0,0.2352,631.62,0.1689,25475,30,37168,June,0.7470532312667679,High Risk
24513,1012816,MD,INDIVIDUAL,4 years,Levin Group,D,MORTGAGE,2021-11-11,16-05-2021,16-05-2021,Current,16-06-2021,1239974,Debt consolidation,D2, 60 months,Verified,52800.0,0.2127,618.23,0.1677,25000,52,33302,November,0.7469633472678613,High Risk
24483,1056133,OH,INDIVIDUAL,7 years,WHIRLPOOL CORPORATION,C,MORTGAGE,2021-12-11,16-05-2021,16-05-2021,Current,16-06-2021,1287708,Debt consolidation,C3, 60 months,Verified,36000.0,0.1863,424.92,0.1465,18000,19,22519,December,0.7469488737309425,High Risk
35374,826640,NY,INDIVIDUAL,< 1 year,Empress Media  Inc.,D,RENT,2021-07-11,16-04-2021,16-05-2021,Current,16-06-2021,1035522,other,D2, 60 months,Source Verified,40000.0,0.1254,87.53,0.1599,3600,11,4968,July,0.7464606157165734,High Risk
35337,770407,NY,INDIVIDUAL,3 years,the jewish community center,C,RENT,2021-06-11,16-04-2021,16-05-2021,Current,16-06-2021,972070,other,C3, 60 months,Not Verified,27996.0,0.1239,186.11,0.1399,8000,23,10965,June,0.7464592719464133,High Risk
24502,989598,MO,INDIVIDUAL,6 years,US BANK,C,MORTGAGE,2021-11-11,16-05-2021,16-05-2021,Current,16-06-2021,1213764,Debt consolidation,C2, 60 months,Verified,25995.0,0.2468,155.09,0.1427,6625,26,8373,November,0.7464514984428735,High Risk
24688,886952,NH,INDIVIDUAL,9 years,,E,RENT,2021-09-11,16-05-2021,16-05-2021,Current,16-06-2021,1103026,Debt consolidation,E1, 60 months,Verified,50000.0,0.1867,369.42,0.1864,22400,8,20296,September,0.7463830725707364,High Risk
24658,966261,TX,INDIVIDUAL,2 years,Williams-Sonoma,D,RENT,2021-09-11,16-05-2021,16-05-2021,Current,16-06-2021,1187131,Debt consolidation,D5, 60 months,Verified,52000.0,0.2123,306.36,0.1825,12000,38,16821,September,0.745928124062573,High Risk
1488,833112,KS,INDIVIDUAL,4 years,"Web Creations & Consulting, LLC",D,RENT,2021-08-11,16-05-2021,16-05-2021,Current,16-06-2021,1042662,car,D4, 60 months,Source Verified,18000.0,0.1053,148.77,0.1689,6000,4,8439,August,0.7457953608026059,High Risk
24547,813179,FL,INDIVIDUAL,4 years,Arthrex,E,MORTGAGE,2021-07-11,16-05-2021,16-04-2021,Current,16-05-2021,1020608,Debt consolidation,E5, 60 months,Verified,65000.0,0.1536,605.4,0.1969,23000,19,34409,July,0.7453979283441181,High Risk
6458,729829,NY,INDIVIDUAL,10+ years,brewster central school,C,MORTGAGE,2021-05-11,16-04-2021,16-05-2021,Current,16-06-2021,925656,credit card,C3, 60 months,Verified,40000.0,0.2112,398.39,0.1399,18000,32,23486,May,0.7451794947087907,High Risk
24308,762963,IL,INDIVIDUAL,10+ years,University Of Illinois,D,MORTGAGE,2021-05-11,16-04-2021,16-05-2021,Current,16-06-2021,963531,Debt consolidation,D3, 60 months,Source Verified,46000.0,0.2296,368.69,0.1649,15000,30,21726,May,0.7451114346299811,High Risk
6739,1063729,AR,INDIVIDUAL,10+ years,WalMart,C,MORTGAGE,2021-12-11,16-05-2021,16-05-2021,Current,16-06-2021,1296299,Debt consolidation,C1, 60 months,Verified,40900.0,0.137,414.09,0.1349,18000,19,21918,December,0.7440906773669774,High Risk
24345,1033553,CA,INDIVIDUAL,1 year,Los Angeles County,C,RENT,2021-12-11,16-05-2021,16-05-2021,Current,16-06-2021,1263331,Debt consolidation,C1, 60 months,Source Verified,33936.0,0.1977,322.07,0.1349,14000,9,17053,December,0.7439490401361999,High Risk
24361,1053576,OR,INDIVIDUAL,10+ years,craft brew alliance,D,RENT,2021-12-11,16-05-2021,16-05-2021,Current,16-06-2021,1285165,Debt consolidation,D5, 60 months,Source Verified,45000.0,0.1381,122.55,0.1825,4800,19,6479,December,0.7437445307431818,High Risk
35400,779698,AZ,INDIVIDUAL,10+ years,Cracker Barrel Old Country Store,F,MORTGAGE,2021-06-11,16-05-2021,16-05-2021,Current,16-06-2021,982454,other,F4, 60 months,Verified,100000.0,0.2484,681.41,0.2136,25000,52,39510,June,0.7437196728958982,High Risk
24570,995714,CO,INDIVIDUAL,6 years,"Scheduling Consultants, Ltd.",F,MORTGAGE,2021-11-11,16-05-2021,16-05-2021,Current,16-06-2021,1220716,Debt consolidation,F1, 60 months,Verified,78500.0,0.0676,647.8,0.2089,24000,15,34922,November,0.7432141409810517,High Risk
24650,859342,PA,INDIVIDUAL,7 years,home depot,D,RENT,2021-09-11,16-05-2021,16-05-2021,Current,16-06-2021,1072080,Debt consolidation,D5, 60 months,Verified,29162.92,0.2432,125.59,0.1749,5000,12,7011,September,0.742679143879783,High Risk
6935,1048482,FL,INDIVIDUAL,8 years,waste management,E,RENT,2021-12-11,16-05-2021,16-05-2021,Current,16-06-2021,1279818,Debt consolidation,E5, 60 months,Source Verified,75000.0,0.1877,494.57,0.203,30000,15,26193,December,0.74141106134872,High Risk
35413,834690,SC,INDIVIDUAL,10+ years,Orangeburg Consolidated District 3,C,RENT,2021-08-11,16-05-2021,16-05-2021,Current,16-06-2021,1016345,other,C3, 60 months,Verified,42000.0,0.074,279.16,0.1399,12000,31,15897,August,0.7412779665134014,High Risk
37252,886982,PA,INDIVIDUAL,< 1 year,Temple University,C,RENT,2021-09-11,16-05-2021,16-05-2021,Current,16-06-2021,1102995,small business,C1, 60 months,Source Verified,50000.0,0.1308,345.08,0.1349,15000,19,18963,September,0.7412334780521381,High Risk
24523,1056039,MD,INDIVIDUAL,10+ years,costco,D,MORTGAGE,2021-12-11,16-05-2021,16-05-2021,Current,16-06-2021,1287613,Debt consolidation,D2, 60 months,Verified,54000.0,0.16,321.48,0.1677,13000,19,16983,December,0.7410837237586807,High Risk
30351,990054,CA,INDIVIDUAL,3 years,Superior Technical resources,E,RENT,2021-10-11,16-05-2021,16-05-2021,Current,16-06-2021,1214023,major purchase,E2, 60 months,Not Verified,39600.0,0.2097,311.49,0.1903,12000,15,16776,October,0.7408337720209385,High Risk
37255,991811,NY,INDIVIDUAL,10+ years,jp morgan chase,D,RENT,2021-10-11,16-04-2021,16-05-2021,Current,16-06-2021,1215863,small business,D4, 60 months,Source Verified,89000.0,0.0748,362.39,0.1758,14400,22,19547,October,0.740818936813067,High Risk
24622,834822,GA,INDIVIDUAL,4 years,Pella Windows,C,RENT,2021-08-11,16-05-2021,16-05-2021,Current,16-06-2021,1044713,Debt consolidation,C5, 60 months,Verified,47000.0,0.2477,478.22,0.1523,20000,38,27168,August,0.7404670306904717,High Risk
24331,762048,NY,INDIVIDUAL,9 years,putnam  ridge  nersing   home,E,OWN,2021-06-11,16-04-2021,16-05-2021,Current,16-06-2021,962544,Debt consolidation,E1, 60 months,Source Verified,40000.0,0.0783,126.94,0.1799,5000,20,7464,June,0.7402154817434083,High Risk
35418,776126,NY,INDIVIDUAL,3 years,Bank of New York Mellon,D,RENT,2021-06-11,16-05-2021,16-05-2021,Current,16-06-2021,978446,other,D4, 60 months,Verified,58000.0,0.1047,476.04,0.1689,19200,34,27991,June,0.7400845037315411,High Risk
24551,852324,FL,INDIVIDUAL,10+ years,Motorola,E,MORTGAGE,2021-08-11,15-01-2021,16-05-2021,Current,16-06-2021,1064368,Debt consolidation,E2, 60 months,Verified,76000.0,0.1525,512.13,0.1839,20000,23,28677,August,0.7399716163470206,High Risk
37275,763281,SC,INDIVIDUAL,4 years,Regional Medical Center of Orangeburg SC,E,MORTGAGE,2021-05-11,16-05-2021,16-05-2021,Current,16-06-2021,929144,small business,E4, 60 months,Verified,61800.0,0.0171,201.03,0.1751,8000,25,11817,May,0.7397618547260101,High Risk
31041,891092,FL,INDIVIDUAL,5 years,Collier County Public Schools,C,RENT,2021-09-11,16-04-2021,16-05-2021,Current,16-06-2021,1107881,medical,C2, 60 months,Verified,39036.96,0.2262,330.65,0.1427,14125,37,18168,September,0.7395044408347254,High Risk
27899,760215,AR,INDIVIDUAL,10+ years,Little Rock School District,E,MORTGAGE,2021-05-11,16-05-2021,16-05-2021,Current,16-06-2021,960476,home improvement,E5, 60 months,Source Verified,48000.0,0.119,78.97,0.1969,3000,17,4653,May,0.7393729448940903,High Risk
24216,942440,GA,INDIVIDUAL,10+ years,Houston Healthcare,D,MORTGAGE,2021-11-11,16-05-2021,16-05-2021,Current,16-06-2021,1163191,Debt consolidation,D3, 60 months,Not Verified,70000.0,0.1483,374.97,0.1727,15000,30,19826,November,0.738792391972392,High Risk
24368,802351,CA,INDIVIDUAL,< 1 year,Riverstone Residential Group,D,RENT,2021-07-11,16-05-2021,16-05-2021,Current,16-06-2021,1007997,Debt consolidation,D5, 60 months,Source Verified,41600.0,0.0225,155.73,0.1749,6200,4,9000,July,0.7386875806925763,High Risk
24366,984775,OH,INDIVIDUAL,4 years,TDC Companies,D,RENT,2021-10-11,16-05-2021,16-05-2021,Current,16-06-2021,1208197,Debt consolidation,D4, 60 months,Source Verified,51000.0,0.1845,503.32,0.1758,20000,14,27610,October,0.7384474627209217,High Risk
31037,787327,CO,INDIVIDUAL,10+ years,Sears Holdings,D,MORTGAGE,2021-06-11,16-05-2021,16-05-2021,Current,16-06-2021,990853,medical,D4, 60 months,Verified,51000.0,0.1367,396.7,0.1689,16000,12,22918,June,0.7383947106232536,High Risk
24351,887363,CA,INDIVIDUAL,6 years,Tomarco Contractor Specialties,C,RENT,2021-09-11,16-05-2021,16-05-2021,Current,16-06-2021,1103460,Debt consolidation,C1, 60 months,Source Verified,25800.0,0.1019,299.07,0.1349,13000,7,16418,September,0.7376190437508826,High Risk
35329,823877,FL,INDIVIDUAL,10+ years,City Of Ocoee PD,E,MORTGAGE,2021-07-11,16-05-2021,16-05-2021,Current,16-06-2021,1032474,other,E3, 60 months,Not Verified,68148.0,0.2002,309.91,0.1879,12000,19,17647,July,0.7375740964683446,High Risk
37245,774577,OH,INDIVIDUAL,< 1 year,blue line,F,MORTGAGE,2021-06-11,16-05-2021,16-05-2021,Current,16-06-2021,976762,small business,F1, 60 months,Source Verified,90000.0,0.01,406.83,0.2025,25000,12,23981,June,0.7375495327023608,High Risk
24651,1038022,CA,INDIVIDUAL,< 1 year,CarMax,D,RENT,2021-12-11,16-05-2021,16-05-2021,Current,16-06-2021,1267932,Debt consolidation,D3, 60 months,Verified,62000.0,0.2216,374.97,0.1727,15000,45,19840,December,0.7372782383278325,High Risk
24321,1045159,TX,INDIVIDUAL,6 years,Century Golf Partners Mgmt,E,MORTGAGE,2021-12-11,16-05-2021,16-05-2021,Current,16-06-2021,1275763,Debt consolidation,E3, 60 months,Source Verified,55000.0,0.1307,471.1,0.1942,18000,34,24942,December,0.7367319716198697,High Risk
24657,863103,CA,INDIVIDUAL,2 years,St. Mary Medical Center,D,RENT,2021-09-11,16-05-2021,16-05-2021,Current,16-06-2021,1076220,Debt consolidation,D4, 60 months,Verified,62208.0,0.1804,495.87,0.1689,20000,27,27713,September,0.7355333799456582,High Risk
1517,1068575,VA,INDIVIDUAL,6 years,OSSI,F,RENT,2021-12-11,16-05-2021,16-05-2021,Current,16-06-2021,1303001,credit card,F4, 60 months,Verified,85000.0,0.2058,423.1,0.2206,15300,27,21988,December,0.7352073659321788,High Risk
35373,773205,TX,INDIVIDUAL,5 years,Monroe Trucking,D,RENT,2021-06-11,16-05-2021,16-05-2021,Current,16-06-2021,975225,other,D3, 60 months,Source Verified,54000.0,0.066,221.22,0.1649,9000,13,13013,June,0.7346122338545322,High Risk
24258,971656,FL,INDIVIDUAL,4 years,Brown  and  Brown,E,RENT,2021-10-11,16-05-2021,16-04-2021,Current,16-05-2021,1193390,Debt consolidation,E3, 60 months,Not Verified,26436.0,0.1248,116.47,0.1942,4450,38,6289,October,0.7341957206892255,High Risk
38568,792945,IL,INDIVIDUAL,3 years,Intertek,E,RENT,2021-06-11,16-05-2021,16-05-2021,Current,16-06-2021,997416,wedding,E2, 60 months,Source Verified,57040.5,0.0496,512.13,0.1839,20000,20,29702,June,0.7341003251686715,High Risk
35389,883950,MN,INDIVIDUAL,10+ years,US Postal Service,C,MORTGAGE,2021-09-11,16-05-2021,16-05-2021,Current,16-06-2021,1099287,other,C2, 60 months,Verified,66996.0,0.2429,117.05,0.1427,5000,43,6420,September,0.7340222736448387,High Risk
27847,992446,TX,INDIVIDUAL,6 years,JJL Greenhouse  Inc.,E,RENT,2021-10-11,16-05-2021,16-05-2021,Current,16-06-2021,1216947,home improvement,E1, 60 months,Source Verified,30000.0,0.1356,185.35,0.1864,7200,13,9994,October,0.7338924394610762,High Risk
24323,842347,NY,INDIVIDUAL,2 years,GT Electrical,F,MORTGAGE,2021-08-11,16-04-2021,16-05-2021,Current,16-06-2021,1053017,Debt consolidation,F1, 60 months,Source Verified,32000.0,0.0263,47.94,0.2025,1800,8,2730,August,0.7335398186231114,High Risk
24261,1029304,MD,INDIVIDUAL,10+ years,,F,MORTGAGE,2021-11-11,16-05-2021,16-05-2021,Current,16-06-2021,1258663,Debt consolidation,F1, 60 months,Not Verified,78000.0,0.1491,113.37,0.2089,4200,9,5997,November,0.7335347209029964,High Risk
24515,1010884,AZ,INDIVIDUAL,6 years,Arizona State Credit Union,D,MORTGAGE,2021-11-11,16-05-2021,16-05-2021,Current,16-06-2021,1237928,Debt consolidation,D3, 60 months,Verified,51000.0,0.2264,339.98,0.1727,13600,20,18022,November,0.7334715070706008,High Risk
24220,1056320,AL,INDIVIDUAL,10+ years,Dale Technical services,E,MORTGAGE,2021-12-11,16-05-2021,16-05-2021,Current,16-06-2021,1287908,Debt consolidation,E1, 60 months,Not Verified,72000.0,0.1465,437.63,0.1864,17000,23,23180,December,0.7332591166432737,High Risk
35358,892708,FL,INDIVIDUAL,3 years,department of justice,D,MORTGAGE,2021-09-11,16-05-2021,16-05-2021,Current,16-06-2021,1109729,other,D2, 60 months,Source Verified,54996.0,0.1074,98.92,0.1677,4000,36,5418,September,0.7327203107006903,High Risk
35375,746629,OH,INDIVIDUAL,7 years,veterans affairs,D,RENT,2021-05-11,16-05-2021,16-05-2021,Current,16-06-2021,945415,other,D5, 60 months,Source Verified,56004.0,0.2164,87.91,0.1749,3500,25,5269,May,0.7325812264593949,High Risk
24563,1022002,CA,INDIVIDUAL,10+ years,"NEI Contracting & Engineering, Inc.",F,MORTGAGE,2021-11-11,16-05-2021,16-04-2021,Current,16-05-2021,1233357,Debt consolidation,F2, 60 months,Verified,120000.0,0.0812,952.39,0.2128,35000,20,50474,November,0.7315191410558582,High Risk
24652,985708,NH,INDIVIDUAL,10+ years,Highland Mechanical Contractors,D,RENT,2021-10-11,16-02-2021,16-05-2021,Current,16-06-2021,1209427,Debt consolidation,D4, 60 months,Verified,64000.0,0.1247,125.83,0.1758,5000,15,6911,October,0.7313976942680452,High Risk
35376,843113,TX,INDIVIDUAL,< 1 year,sltc inc,E,RENT,2021-08-11,16-05-2021,16-05-2021,Current,16-06-2021,1053861,other,E5, 60 months,Source Verified,45000.0,0.1509,394.83,0.1969,15000,6,22484,August,0.7312933714663801,High Risk
6471,754045,DE,INDIVIDUAL,3 years,TA Instruments,F,MORTGAGE,2021-05-11,16-04-2021,16-04-2021,Current,16-05-2021,953738,credit card,F2, 60 months,Verified,67775.0,0.185,577.74,0.2062,35000,36,34077,May,0.7311929648994568,High Risk
24379,970248,MO,INDIVIDUAL,< 1 year,Maritz Research,E,RENT,2021-10-11,16-05-2021,16-05-2021,Current,16-06-2021,1191494,Debt consolidation,E3, 60 months,Source Verified,39996.0,0.078,130.87,0.1942,5000,7,7180,October,0.7311700510686503,High Risk
35371,829790,CA,INDIVIDUAL,10+ years,ANR Industries  Inc.,D,RENT,2021-07-11,16-05-2021,16-05-2021,Current,16-06-2021,1038914,other,D2, 60 months,Source Verified,49500.0,0.1869,170.19,0.1599,7000,8,9681,July,0.7311085455045782,High Risk
27883,784725,WI,INDIVIDUAL,10+ years,Milwaukee Fire Dept.,E,MORTGAGE,2021-06-11,16-05-2021,16-05-2021,Current,16-06-2021,987970,home improvement,E5, 60 months,Verified,73000.0,0.1927,451.42,0.1969,25000,41,26142,June,0.7309984668100846,High Risk
37654,1059930,TX,INDIVIDUAL,10+ years,Sea World San Antonio,D,RENT,2021-12-11,16-05-2021,16-05-2021,Current,16-06-2021,1291769,wedding,D5, 60 months,Not Verified,32000.0,0.1628,357.42,0.1825,14000,13,18923,December,0.7309893440011044,High Risk
24543,806358,GA,INDIVIDUAL,10+ years,Dekalb Medical Center,E,MORTGAGE,2021-07-11,16-05-2021,16-04-2021,Current,16-05-2021,1012532,Debt consolidation,E2, 60 months,Verified,75000.0,0.1994,896.22,0.1839,35000,54,51082,July,0.730490569955201,High Risk
31630,1063431,NY,INDIVIDUAL,10+ years,,B,RENT,2021-12-11,16-04-2021,16-05-2021,Current,16-06-2021,1295991,other,B5, 60 months,Verified,49000.0,0.1778,451.9,0.1269,20000,26,23937,December,0.7304624854244012,High Risk
24303,994423,TX,INDIVIDUAL,10+ years,,D,MORTGAGE,2021-10-11,16-05-2021,16-05-2021,Current,16-06-2021,1218840,Debt consolidation,D2, 60 months,Source Verified,85000.0,0.0295,865.52,0.1677,35000,11,46682,October,0.730054283724623,High Risk
27891,781524,MA,INDIVIDUAL,6 years,,C,OWN,2021-06-11,16-04-2021,16-05-2021,Current,16-06-2021,984379,home improvement,C5, 60 months,Verified,36000.0,0.146,292.52,0.1611,12000,6,17203,June,0.7299962195828115,High Risk
24517,839657,OR,INDIVIDUAL,< 1 year,Westlake Financial,D,MORTGAGE,2021-08-11,16-05-2021,16-05-2021,Current,16-06-2021,1049831,Debt consolidation,D3, 60 months,Verified,48000.0,0.268,521.08,0.1649,21200,22,29187,August,0.7299480026315515,High Risk
1576,1059734,IL,INDIVIDUAL,7 years,Chester Mental Health Center,D,RENT,2021-12-11,16-05-2021,16-04-2021,Current,16-05-2021,1291550,credit card,D2, 60 months,Verified,50000.0,0.2282,494.59,0.1677,20000,22,25696,December,0.7295994031146946,High Risk
37285,855688,NV,INDIVIDUAL,9 years,Leftfield Pictures,C,RENT,2021-08-11,16-04-2021,16-05-2021,Current,16-06-2021,1068020,small business,C1, 60 months,Verified,85000.0,0.1544,796.18,0.1299,35000,15,45039,August,0.7292868077188598,High Risk
24307,1047143,NV,INDIVIDUAL,6 years,Health Plan of Nevada,D,MORTGAGE,2021-12-11,16-05-2021,16-05-2021,Current,16-06-2021,1278219,Debt consolidation,D4, 60 months,Source Verified,42000.0,0.1029,100.04,0.1758,3975,10,5281,December,0.7288730033843298,High Risk
6494,763640,PA,INDIVIDUAL,10+ years,Bimbo Bakeries USA,E,MORTGAGE,2021-06-11,16-05-2021,16-05-2021,Current,16-06-2021,964280,credit card,E4, 60 months,Verified,78000.0,0.2423,913.52,0.1929,35000,19,52956,June,0.728841083420473,High Risk
37272,857636,CO,INDIVIDUAL,7 years,5 Keys  Charter School,C,MORTGAGE,2021-09-11,16-05-2021,16-05-2021,Current,16-06-2021,1070124,small business,C3, 60 months,Verified,60000.0,0.051,348.95,0.1399,15000,15,19541,September,0.7284333463471473,High Risk
35335,759448,CA,INDIVIDUAL,4 years,AMN Healthcare,C,RENT,2021-05-11,16-04-2021,16-05-2021,Current,16-06-2021,959692,other,C1, 60 months,Not Verified,42000.0,0.1034,136.49,0.1299,6000,12,8013,May,0.7278444491349325,High Risk
24611,859156,FL,INDIVIDUAL,2 years,University of Florida,C,RENT,2021-09-11,16-05-2021,16-05-2021,Current,16-06-2021,1071836,Debt consolidation,C2, 60 months,Verified,42000.0,0.1686,468.17,0.1427,20000,11,25710,September,0.7268875796781645,High Risk
24253,1047556,CA,INDIVIDUAL,10+ years,The Salvation Army,D,RENT,2021-12-11,16-05-2021,16-05-2021,Current,16-06-2021,1278651,Debt consolidation,D3, 60 months,Not Verified,57000.0,0.1091,399.97,0.1727,16000,16,21176,December,0.7267828062463256,High Risk
6492,805082,FL,INDIVIDUAL,10+ years,Verizon Communications,F,RENT,2021-07-11,16-05-2021,16-05-2021,Current,16-06-2021,1011062,credit card,F3, 60 months,Verified,98000.0,0.1763,568.01,0.2099,21000,26,32876,July,0.7264632025672969,High Risk
24689,838989,NY,INDIVIDUAL,6 years,Time Warner Cable,D,RENT,2021-08-11,16-05-2021,16-05-2021,Current,16-06-2021,1049121,Debt consolidation,D3, 60 months,Verified,57600.0,0.1613,491.59,0.1649,20000,18,27498,August,0.7264582329409456,High Risk
24222,803608,CA,INDIVIDUAL,4 years,CBP,F,MORTGAGE,2021-07-11,16-05-2021,16-05-2021,Current,16-06-2021,1009390,Debt consolidation,F3, 60 months,Not Verified,89000.0,0.1553,324.58,0.2099,12000,30,18774,July,0.7263790666008434,High Risk
31654,1059288,CA,INDIVIDUAL,1 year,Tory Burch,C,RENT,2021-12-11,16-05-2021,16-05-2021,Current,16-06-2021,1290891,other,C1, 60 months,Not Verified,75000.0,0.2358,188.07,0.1349,12000,24,9960,December,0.7260866262202342,High Risk
6958,1058974,AZ,INDIVIDUAL,4 years,Rolf Jensen & Associates,E,RENT,2021-12-11,16-05-2021,16-05-2021,Current,16-06-2021,1290577,Debt consolidation,E3, 60 months,Verified,82500.0,0.162,575.79,0.1942,22000,14,30487,December,0.7255399811621664,High Risk
24380,755920,CA,INDIVIDUAL,< 1 year,Nissan Of Elk Grove,E,RENT,2021-05-11,16-04-2021,16-05-2021,Current,16-06-2021,955806,Debt consolidation,E4, 60 months,Source Verified,54000.0,0.0716,391.51,0.1929,15000,14,23083,May,0.7247300006533678,High Risk
37274,838987,IL,INDIVIDUAL,10+ years,Chicago Board Options Exchange,E,MORTGAGE,2021-08-11,16-02-2021,16-05-2021,Current,16-06-2021,1049118,small business,E3, 60 months,Verified,78000.0,0.0363,645.63,0.1879,25000,34,36778,August,0.7237161956625774,High Risk
24698,862897,TX,INDIVIDUAL,5 years,U.S. Army,E,RENT,2021-09-11,16-05-2021,16-05-2021,Current,16-06-2021,1075912,Debt consolidation,E4, 60 months,Verified,65000.0,0.2062,567.69,0.1929,35000,27,31797,September,0.7234778606819544,High Risk
24240,801037,NJ,INDIVIDUAL,4 years,Strato inc,C,RENT,2021-07-11,16-05-2021,16-05-2021,Current,16-06-2021,1006581,Debt consolidation,C2, 60 months,Not Verified,30000.0,0.2248,426.17,0.1349,18825,22,24681,July,0.7231132446442916,High Risk
24373,771545,MO,INDIVIDUAL,5 years,keystone automotive,D,RENT,2021-06-11,16-05-2021,16-05-2021,Current,16-06-2021,973339,Debt consolidation,D3, 60 months,Source Verified,27504.0,0.2099,88.49,0.1649,3600,9,5207,June,0.7223668440768648,High Risk
6511,1069346,IL,INDIVIDUAL,1 year,United States Infrastructure Corporation,B,RENT,2021-12-11,16-05-2021,16-06-2021,Current,16-07-2021,1304237,Debt consolidation,B5, 60 months,Verified,27000.0,0.1604,282.44,0.1269,12500,24,14636,December,0.722207361605374,High Risk
37647,1056173,CA,INDIVIDUAL,10+ years,US Dept of Homeland Security OIG,E,RENT,2021-12-11,16-05-2021,16-05-2021,Current,16-06-2021,1287749,vacation,E5, 60 months,Verified,135000.0,0.0877,234.62,0.203,8800,24,12402,December,0.7219936210006146,High Risk
24529,1038880,NY,INDIVIDUAL,8 years,Audiovox,D,MORTGAGE,2021-12-11,16-05-2021,16-05-2021,Current,16-06-2021,1268811,Debt consolidation,D2, 60 months,Verified,56500.0,0.2073,494.59,0.1677,20000,29,26168,December,0.721618531846671,High Risk
6409,778303,OK,INDIVIDUAL,10+ years,WTI,C,MORTGAGE,2021-06-11,16-05-2021,16-05-2021,Current,16-06-2021,980846,credit card,C4, 60 months,Not Verified,41820.0,0.2666,449.92,0.1479,19000,28,26519,June,0.7212644069734314,High Risk
24636,821256,NJ,INDIVIDUAL,4 years,TMP worldwide,D,RENT,2021-07-11,16-05-2021,16-05-2021,Current,16-06-2021,1029585,Debt consolidation,D5, 60 months,Verified,62500.0,0.2233,376.76,0.1749,15000,27,21414,July,0.7212086140395871,High Risk
6731,1064094,NY,INDIVIDUAL,3 years,Miguel Rodriguez Agency,D,RENT,2021-12-11,16-05-2021,16-05-2021,Current,16-06-2021,1296684,Debt consolidation,D4, 60 months,Not Verified,30120.0,0.1554,151.0,0.1758,6000,11,8208,December,0.7211124805763387,High Risk
24575,888886,CA,INDIVIDUAL,9 years,T M Motoin Picture Equipment Rentals,G,MORTGAGE,2021-09-11,16-05-2021,16-05-2021,Current,16-06-2021,1105324,Debt consolidation,G1, 60 months,Verified,86400.0,0.0428,224.34,0.2274,8000,6,12331,September,0.7200069883327445,High Risk
24702,819430,MI,INDIVIDUAL,< 1 year,Haworth,E,MORTGAGE,2021-07-11,16-04-2021,16-05-2021,Current,16-06-2021,1027543,Debt consolidation,E4, 60 months,Source Verified,49646.0,0.0616,313.21,0.1929,12000,24,18727,July,0.7190698324134852,High Risk
27882,1046153,MD,INDIVIDUAL,10+ years,Military,E,MORTGAGE,2021-12-11,16-05-2021,16-05-2021,Current,16-06-2021,1277189,home improvement,E2, 60 months,Verified,72000.0,0.2288,731.99,0.1903,28200,19,38761,December,0.7190087411874344,High Risk
35370,821026,IL,INDIVIDUAL,6 years,JP Morgan Chase,B,RENT,2021-07-11,16-05-2021,16-05-2021,Current,16-06-2021,1029283,other,B3, 60 months,Source Verified,32000.0,0.1549,167.38,0.1099,7700,9,9523,July,0.7187519903328083,High Risk
27846,801189,FL,INDIVIDUAL,4 years,Somerset Academy Silver Palms,D,OWN,2021-07-11,16-05-2021,16-05-2021,Current,16-06-2021,1006745,home improvement,D4, 60 months,Source Verified,48000.0,0.1943,238.02,0.1689,9600,32,13743,July,0.7186383605323822,High Risk
24364,773040,PA,INDIVIDUAL,2 years,Krevel Trucking Inc.,D,RENT,2021-06-11,16-05-2021,16-05-2021,Current,16-06-2021,975049,Debt consolidation,D4, 60 months,Source Verified,43000.0,0.1136,364.47,0.1689,14700,21,21424,June,0.7184365902383795,High Risk
37268,1016084,CA,INDIVIDUAL,5 years,Agent,B,MORTGAGE,2021-11-11,16-05-2021,16-05-2021,Current,16-06-2021,1243774,small business,B5, 60 months,Verified,94000.0,0.178,542.28,0.1269,24000,28,29233,November,0.7183567667869313,High Risk
6440,842873,NY,INDIVIDUAL,7 years,manco equipment rental.co.inc,E,RENT,2021-08-11,16-04-2021,16-05-2021,Current,16-06-2021,1053573,credit card,E1, 60 months,Source Verified,54000.0,0.1804,507.76,0.1799,20000,16,28912,August,0.7182043346005156,High Risk
24534,765141,MA,INDIVIDUAL,10+ years,Xerox,E,MORTGAGE,2021-05-11,16-05-2021,16-05-2021,Current,16-06-2021,965981,Debt consolidation,E2, 60 months,Verified,85000.0,0.1595,614.55,0.1839,24000,12,36287,May,0.718188681444702,High Risk
24466,854792,NC,INDIVIDUAL,10+ years,Bank Of America,C,MORTGAGE,2021-08-11,16-05-2021,16-05-2021,Current,16-06-2021,1067065,Debt consolidation,C2, 60 months,Verified,48383.0,0.2011,320.35,0.1349,18225,45,17906,August,0.7181834267444261,High Risk
30361,749861,NC,INDIVIDUAL,< 1 year,Uhaul,E,RENT,2021-05-11,16-05-2021,16-05-2021,Current,16-06-2021,949136,major purchase,E3, 60 months,Source Verified,10020.0,0.0635,106.53,0.1879,4125,3,6271,May,0.7176197549525107,High Risk
35362,814714,AZ,INDIVIDUAL,7 years,corbins electric,E,MORTGAGE,2021-07-11,16-05-2021,16-05-2021,Current,16-06-2021,1022256,other,E3, 60 months,Source Verified,54996.0,0.1842,206.61,0.1879,8000,29,11744,July,0.7171748676923294,High Risk
38575,682952,NY,INDIVIDUAL,4 years,Allen Edmonds,F,RENT,2021-07-11,16-05-2021,16-05-2021,Current,16-06-2021,872217,wedding,F3, 60 months,Verified,80000.0,0.06,486.86,0.2099,18000,7,27679,July,0.7171595433678105,High Risk
24221,756203,PA,INDIVIDUAL,< 1 year,Elk Lake School and Susquehanna Career &,E,MORTGAGE,2021-05-11,16-05-2021,16-05-2021,Current,16-06-2021,956117,Debt consolidation,E1, 60 months,Not Verified,37000.0,0.1158,126.94,0.1799,5000,20,7471,May,0.7171240262279812,High Risk
35331,768396,KS,INDIVIDUAL,3 years,National beef,D,OWN,2021-05-11,16-05-2021,16-05-2021,Current,16-06-2021,969696,other,D5, 60 months,Not Verified,60000.0,0.0866,101.1,0.1749,4025,11,5947,May,0.7167886873280599,High Risk
24229,949841,KS,INDIVIDUAL,1 year,Town  and  Country Painting,C,OWN,2021-10-11,16-05-2021,16-05-2021,Current,16-06-2021,1142850,Debt consolidation,C5, 60 months,Not Verified,24960.0,0.1375,36.45,0.1596,1500,5,2014,October,0.7166437260203745,High Risk
24644,1038713,RI,INDIVIDUAL,10+ years,Providence VA Medical Center,D,RENT,2021-12-11,16-04-2021,16-05-2021,Current,16-06-2021,1268624,Debt consolidation,D3, 60 months,Verified,84000.0,0.138,549.96,0.1727,22000,36,29098,December,0.7155113203972573,High Risk
31656,1059623,MA,INDIVIDUAL,3 years,self-employed,C,OWN,2021-12-11,16-05-2021,16-05-2021,Current,16-06-2021,1291231,other,C5, 60 months,Not Verified,75000.0,0.2166,170.08,0.1596,7000,30,8988,December,0.7151503324112869,High Risk
24555,879059,CO,INDIVIDUAL,6 years,Integrated Research,E,MORTGAGE,2021-09-11,16-05-2021,16-05-2021,Current,16-06-2021,1093867,Debt consolidation,E2, 60 months,Verified,70000.0,0.1973,210.91,0.1903,8125,22,11760,September,0.7148839341543595,High Risk
30360,862181,CA,INDIVIDUAL,5 years,RSUI Group  Inc.,E,RENT,2021-08-11,16-05-2021,16-05-2021,Current,16-06-2021,1075216,major purchase,E2, 60 months,Source Verified,60000.0,0.0386,153.64,0.1839,6000,12,8603,August,0.714871472593687,High Risk
24665,804307,CA,INDIVIDUAL,6 years,SSAT,E,RENT,2021-07-11,16-05-2021,16-05-2021,Current,16-06-2021,1010162,Debt consolidation,E1, 60 months,Verified,78000.0,0.1271,609.32,0.1799,24000,11,35251,July,0.7148599759779324,High Risk
24584,875175,CA,INDIVIDUAL,7 years,Transportation Security Administration,D,OWN,2021-09-11,16-05-2021,16-05-2021,Current,16-06-2021,1089635,Debt consolidation,D2, 60 months,Verified,55000.0,0.1298,486.26,0.1599,20000,16,27149,September,0.7148542487590954,High Risk
24256,866203,IL,INDIVIDUAL,1 year,wexfordhealth/stateville cc,E,RENT,2021-09-11,16-04-2021,16-05-2021,Current,16-06-2021,1079602,Debt consolidation,E1, 60 months,Not Verified,45000.0,0.0965,380.82,0.1799,15000,9,21276,September,0.7148350866194839,High Risk
35353,1034803,AR,INDIVIDUAL,7 years,Izard County Sheriff Department,C,MORTGAGE,2021-12-11,16-05-2021,16-05-2021,Current,16-06-2021,1264430,other,C3, 60 months,Source Verified,52000.0,0.0988,390.69,0.1465,16550,14,20705,December,0.7147194410892115,High Risk
31596,756669,NJ,INDIVIDUAL,2 years,Staffmark,C,RENT,2021-05-11,16-05-2021,16-05-2021,Current,16-06-2021,956624,moving,C4, 60 months,Source Verified,45000.0,0.1043,139.72,0.1479,5900,20,8230,May,0.7144944013285497,High Risk
24218,786538,SC,INDIVIDUAL,9 years,O'Neil Law Firm,D,MORTGAGE,2021-06-11,16-05-2021,16-05-2021,Current,16-06-2021,989936,Debt consolidation,D3, 60 months,Not Verified,48000.0,0.2043,368.69,0.1649,15000,21,21351,June,0.7144928448919232,High Risk
24411,768820,VA,INDIVIDUAL,10+ years,GPI Inc. Carquest Auto Parts,B,MORTGAGE,2021-06-11,16-05-2021,16-05-2021,Current,16-06-2021,970202,Debt consolidation,B4, 60 months,Verified,31000.0,0.2516,368.3,0.1149,16750,46,21667,June,0.7142257864653074,High Risk
24382,1016028,TX,INDIVIDUAL,1 year,Star-Luck Enterprise Inc.,F,RENT,2021-11-11,16-05-2021,16-05-2021,Current,16-06-2021,1243512,Debt consolidation,F5, 60 months,Source Verified,290000.0,0.0726,834.55,0.2235,30000,36,44203,November,0.7141825807886407,High Risk
35412,1028829,AZ,INDIVIDUAL,2 years,Alliance Defense Fund,C,RENT,2021-11-11,16-05-2021,16-05-2021,Current,16-06-2021,1258182,other,C1, 60 months,Verified,42996.0,0.0463,303.67,0.1349,13200,5,16064,November,0.7136469934962685,High Risk
24332,854535,MO,INDIVIDUAL,1 year,Morgan Stanley Smith Barney,E,OWN,2021-08-11,16-05-2021,16-05-2021,Current,16-06-2021,1066792,Debt consolidation,E1, 60 months,Source Verified,69000.0,0.141,172.64,0.1799,6800,10,9677,August,0.7132357958044813,High Risk
35392,1042702,NC,INDIVIDUAL,5 years,The Pantry,D,MORTGAGE,2021-12-11,16-05-2021,16-05-2021,Current,16-06-2021,1272984,other,D5, 60 months,Verified,92000.0,0.1964,561.66,0.1825,22000,20,29745,December,0.7131983085084784,High Risk
6611,1066659,TX,INDIVIDUAL,2 years,JP Morgan Chase Bank,D,RENT,2021-12-11,16-05-2021,16-05-2021,Current,16-06-2021,1300852,Debt consolidation,D3, 60 months,Source Verified,50000.0,0.1104,399.97,0.1727,16000,16,20783,December,0.7131894815281464,High Risk
24383,845642,FL,INDIVIDUAL,10+ years,Pepsi Co,F,RENT,2021-08-11,16-05-2021,16-05-2021,Current,16-06-2021,1056913,Debt consolidation,F4, 60 months,Source Verified,100000.0,0.0558,207.15,0.2136,7600,4,11591,August,0.7131061619625944,High Risk
37283,884952,NJ,INDIVIDUAL,7 years,American Health Holding,B,RENT,2021-09-11,16-05-2021,16-05-2021,Current,16-06-2021,1100538,small business,B2, 60 months,Verified,61000.0,0.0,454.56,0.1065,25000,21,24931,September,0.713006126110553,High Risk
31601,817911,NJ,INDIVIDUAL,10+ years,U.S.Postal Service,C,RENT,2021-07-11,16-05-2021,16-05-2021,Current,16-06-2021,1025798,moving,C2, 60 months,Verified,54257.0,0.1743,276.06,0.1349,12000,20,15716,July,0.7127480297552528,High Risk
24619,973302,OR,INDIVIDUAL,5 years,Steve Mock,C,RENT,2021-10-11,16-05-2021,16-05-2021,Current,16-06-2021,1195515,Debt consolidation,C1, 60 months,Verified,30720.0,0.2246,356.58,0.1349,15500,15,19608,October,0.7127127101293941,High Risk
37262,1013010,TX,INDIVIDUAL,4 years,,B,MORTGAGE,2021-11-11,16-05-2021,16-05-2021,Current,16-06-2021,1240175,small business,B3, 60 months,Verified,46000.0,0.2799,206.07,0.1171,9325,27,11112,November,0.712697246895488,High Risk
24277,1047082,GA,INDIVIDUAL,3 years,Cabenas japanesse auto,B,MORTGAGE,2021-12-11,16-05-2021,16-05-2021,Current,16-06-2021,1278153,Debt consolidation,B5, 60 months,Source Verified,31200.0,0.2662,344.57,0.1269,15250,15,18244,December,0.7125323796475463,High Risk
31600,854285,CA,INDIVIDUAL,4 years,MTV Networks,B,RENT,2021-08-11,16-05-2021,16-05-2021,Current,16-06-2021,1066522,moving,B5, 60 months,Verified,56000.0,0.2951,444.79,0.1199,20000,30,24886,August,0.7123115985251363,High Risk
24633,998229,CA,INDIVIDUAL,3 years,Southern California Edison,D,RENT,2021-11-11,16-05-2021,16-05-2021,Current,16-06-2021,1223361,Debt consolidation,D4, 60 months,Verified,75000.0,0.2061,503.32,0.1758,20000,9,27094,November,0.7116371612064154,High Risk
24367,842409,CA,INDIVIDUAL,8 years,Little Bear School,D,RENT,2021-08-11,16-05-2021,16-04-2021,Current,16-05-2021,1053084,Debt consolidation,D3, 60 months,Source Verified,48000.0,0.1307,245.8,0.1649,10000,13,13735,August,0.7114629127319564,High Risk
24557,787050,FL,INDIVIDUAL,8 years,Belcan Engineering Corp,E,MORTGAGE,2021-06-11,16-05-2021,16-05-2021,Current,16-06-2021,990549,Debt consolidation,E2, 60 months,Verified,73000.0,0.1958,363.61,0.1839,20000,15,21087,June,0.711426901339778,High Risk
28263,1020936,CO,INDIVIDUAL,10+ years,MESA VISTA OF BOULDER,G,MORTGAGE,2021-11-11,16-05-2021,16-05-2021,Current,16-06-2021,1249928,house,G1, 60 months,Verified,120000.0,0.24,981.45,0.2274,35000,35,52984,November,0.7112929712976589,High Risk
6871,1060853,CA,INDIVIDUAL,7 years,City of Anaheim,E,RENT,2021-12-11,16-05-2021,16-05-2021,Current,16-06-2021,1292815,Debt consolidation,E2, 60 months,Verified,95000.0,0.1556,397.8,0.1903,25000,26,20669,December,0.7111180046394615,High Risk
30370,897096,TX,INDIVIDUAL,8 years,Gowan Inc.,D,OWN,2021-11-11,16-05-2021,16-05-2021,Current,16-06-2021,1117647,major purchase,D4, 60 months,Verified,48000.0,0.2198,392.59,0.1758,15600,16,20732,November,0.7107355105636997,High Risk
35398,1025417,NJ,INDIVIDUAL,10+ years,morgan stanley smith barney,F,MORTGAGE,2021-12-11,16-05-2021,16-05-2021,Current,16-06-2021,1254565,other,F2, 60 months,Verified,109992.0,0.1089,571.44,0.2128,21000,35,30284,December,0.71055731695511,High Risk
37241,1033270,NC,INDIVIDUAL,10+ years,Cohen Food Brokerage,B,MORTGAGE,2021-12-11,16-05-2021,16-05-2021,Current,16-06-2021,1262837,small business,B3, 60 months,Source Verified,75000.0,0.0616,618.75,0.1171,28000,29,32782,December,0.7105396461627822,High Risk
24316,998689,CO,INDIVIDUAL,10+ years,ePlan Services Inc,E,MORTGAGE,2021-10-11,16-04-2021,16-05-2021,Current,16-06-2021,1223863,Debt consolidation,E1, 60 months,Source Verified,80000.0,0.12,329.51,0.1864,12800,21,17766,October,0.7104770927840727,High Risk
24573,1002396,GA,INDIVIDUAL,3 years,Southern Company,G,MORTGAGE,2021-11-11,16-05-2021,16-05-2021,Current,16-06-2021,1228454,Debt consolidation,G1, 60 months,Verified,130000.0,0.1656,841.24,0.2274,30000,25,45399,November,0.7104349944057963,High Risk
35364,853969,AL,INDIVIDUAL,3 years,nphc,B,OWN,2021-08-11,16-05-2021,16-05-2021,Current,16-06-2021,1066170,other,B4, 60 months,Source Verified,28800.0,0.0833,263.86,0.1149,12000,12,14741,August,0.7103971370162327,High Risk
31597,864607,AZ,INDIVIDUAL,2 years,White Chocolate Grill,D,RENT,2021-09-11,16-05-2021,16-05-2021,Current,16-06-2021,1077835,moving,D2, 60 months,Source Verified,48000.0,0.163,184.78,0.1599,7600,12,10322,September,0.7101596305919338,High Risk
24511,839976,KY,INDIVIDUAL,10+ years,All-State Ford Truck Sales,D,MORTGAGE,2021-08-11,16-05-2021,16-05-2021,Current,16-06-2021,1050264,Debt consolidation,D5, 60 months,Verified,85000.0,0.1648,503.6,0.1749,20050,18,28673,August,0.7094457247441341,High Risk
37266,1016351,NC,INDIVIDUAL,10+ years,,B,MORTGAGE,2021-11-11,16-05-2021,16-05-2021,Current,16-06-2021,1244061,small business,B5, 60 months,Verified,75000.0,0.1392,474.49,0.1269,21000,23,25589,November,0.7090435121306725,High Risk
24593,833724,CA,INDIVIDUAL,10+ years,Tj Maxx,B,RENT,2021-08-11,16-05-2021,16-05-2021,Current,16-06-2021,1043422,Debt consolidation,B2, 60 months,Verified,32256.0,0.122,301.54,0.1059,14000,31,17104,August,0.7088759588607251,High Risk
35319,862027,MO,INDIVIDUAL,10+ years,AT&T,B,MORTGAGE,2021-08-11,16-05-2021,16-05-2021,Current,16-06-2021,1074952,other,B5, 60 months,Not Verified,50880.0,0.2054,137.33,0.1199,6175,25,7679,August,0.7088718161752615,High Risk
24542,740743,FL,INDIVIDUAL,< 1 year,TNG,E,MORTGAGE,2021-05-11,16-05-2021,16-05-2021,Current,16-06-2021,938507,Debt consolidation,E3, 60 months,Verified,81000.0,0.2031,542.33,0.1879,21000,22,32478,May,0.7084458378596981,High Risk
24257,811881,SC,INDIVIDUAL,10+ years,"BMW MC, LLC",E,RENT,2021-07-11,16-05-2021,16-05-2021,Current,16-06-2021,1018972,Debt consolidation,E2, 60 months,Not Verified,53000.0,0.1644,319.44,0.1839,18000,25,18516,July,0.7079597757965121,High Risk
24574,998792,WA,INDIVIDUAL,< 1 year,Snohomish County PUD,G,MORTGAGE,2021-11-11,16-05-2021,16-05-2021,Current,16-06-2021,1224156,Debt consolidation,G4, 60 months,Verified,90000.0,0.1391,574.32,0.2391,20000,17,31530,November,0.7077794498325203,High Risk
27892,822845,NY,INDIVIDUAL,4 years,Consolidated edison inc.,E,OWN,2021-07-11,16-04-2021,16-05-2021,Current,16-06-2021,1031350,home improvement,E4, 60 months,Verified,38400.0,0.0172,783.02,0.1929,30000,8,44614,July,0.7076420838257889,High Risk
30350,833244,FL,INDIVIDUAL,2 years,Jeff Kruse Masonry,E,RENT,2021-08-11,16-05-2021,16-05-2021,Current,16-06-2021,1042803,major purchase,E1, 60 months,Not Verified,50004.0,0.2457,253.88,0.1799,10000,18,14465,August,0.70709598592276,High Risk
6443,787098,MD,INDIVIDUAL,3 years,Banner Life,D,RENT,2021-06-11,16-05-2021,16-05-2021,Current,16-06-2021,990602,credit card,D3, 60 months,Source Verified,41750.0,0.2029,294.96,0.1649,12000,22,17083,June,0.7070803216444295,High Risk
24352,1045100,NY,INDIVIDUAL,7 years,Dime Savings Bank,C,RENT,2021-12-11,16-05-2021,16-05-2021,Current,16-06-2021,1275502,Debt consolidation,C2, 60 months,Source Verified,33000.0,0.1309,280.91,0.1427,12000,11,14864,December,0.707012092490055,High Risk
24465,757106,FL,INDIVIDUAL,10+ years,sunoco,C,MORTGAGE,2021-05-11,16-05-2021,16-05-2021,Current,16-06-2021,957117,Debt consolidation,C2, 60 months,Verified,52000.0,0.2562,385.91,0.1349,25975,19,22741,May,0.7068849454967808,High Risk
24566,1030982,CA,INDIVIDUAL,4 years,Los Angeles County Fire Department,F,MORTGAGE,2021-12-11,16-05-2021,16-05-2021,Current,16-06-2021,1260403,Debt consolidation,F2, 60 months,Verified,120000.0,0.1127,952.39,0.2128,35000,32,50474,December,0.7065975297354431,High Risk
24648,1042203,CA,INDIVIDUAL,4 years,CUBIC CORPORATION,D,RENT,2021-12-11,16-05-2021,16-05-2021,Current,16-06-2021,1272253,Debt consolidation,D5, 60 months,Verified,83000.0,0.131,403.37,0.1825,15800,15,21322,December,0.7061394920713268,High Risk
30359,812314,TX,INDIVIDUAL,2 years,Compleat Cuisine Catering,D,RENT,2021-07-11,16-05-2021,16-04-2021,Current,16-05-2021,1019465,major purchase,D3, 60 months,Source Verified,40000.0,0.0477,253.78,0.1649,13650,20,14933,July,0.7061146415118582,High Risk
25052,1058952,GA,INDIVIDUAL,4 years,Havertys Fyrniture,E,MORTGAGE,2021-12-11,16-05-2021,16-05-2021,Current,16-06-2021,1290751,home improvement,E4, 60 months,Verified,69000.0,0.0941,925.54,0.1991,35000,17,49047,December,0.7056857890667616,High Risk
27845,834810,NC,INDIVIDUAL,7 years,IFH,D,OWN,2021-08-11,16-05-2021,16-05-2021,Current,16-06-2021,1044699,home improvement,D5, 60 months,Source Verified,63000.0,0.2168,401.87,0.1749,16000,17,22852,August,0.7055768776660236,High Risk
6423,1041816,WI,INDIVIDUAL,10+ years,Wisconsin Deparment of Agriculture,D,RENT,2021-12-11,16-05-2021,16-05-2021,Current,16-06-2021,1271852,credit card,D3, 60 months,Not Verified,41000.0,0.1613,374.97,0.1727,15000,10,19842,December,0.7055680101162944,High Risk
6483,1052789,WI,INDIVIDUAL,7 years,Columbia St. Mary's Hospital,C,RENT,2021-12-11,16-05-2021,16-05-2021,Current,16-06-2021,1284328,credit card,C4, 60 months,Verified,39624.0,0.2308,484.63,0.1527,20250,25,25646,December,0.7055489461495466,High Risk
24656,983843,MA,INDIVIDUAL,7 years,U.S. Coast Guard,D,RENT,2021-10-11,16-04-2021,16-05-2021,Current,16-06-2021,1207204,Debt consolidation,D2, 60 months,Verified,61368.0,0.2401,333.85,0.1677,13500,30,18296,October,0.7053655079858395,High Risk
24359,798550,NC,INDIVIDUAL,1 year,Bank of America,D,RENT,2021-07-11,16-05-2021,16-05-2021,Current,16-06-2021,1003678,Debt consolidation,D3, 60 months,Source Verified,84000.0,0.1504,589.91,0.1649,24000,7,33602,July,0.7053075149138723,High Risk
30371,824905,PA,INDIVIDUAL,6 years,MSC Express,G,OWN,2021-07-11,16-05-2021,16-05-2021,Current,16-06-2021,1033662,major purchase,G1, 60 months,Verified,81996.0,0.1043,553.63,0.2211,20000,18,31546,July,0.7052619784264188,High Risk
37291,986291,FL,INDIVIDUAL,6 years,Craftstaff LLC,E,RENT,2021-10-11,16-05-2021,16-04-2021,Current,16-05-2021,1210207,small business,E3, 60 months,Verified,102000.0,0.1138,209.38,0.1942,8000,18,11277,October,0.7050573657174535,High Risk
24304,872113,CA,INDIVIDUAL,10+ years,Korean Air,D,MORTGAGE,2021-09-11,16-05-2021,16-05-2021,Current,16-06-2021,1086235,Debt consolidation,D2, 60 months,Source Verified,80000.0,0.0264,558.59,0.1599,30000,10,31226,September,0.7040800696931397,High Risk
24585,1031074,CA,INDIVIDUAL,4 years,OpenX,E,OWN,2021-11-11,16-05-2021,16-05-2021,Current,16-06-2021,1260503,Debt consolidation,E5, 60 months,Verified,180000.0,0.2342,799.84,0.203,30000,32,42362,November,0.7038780061728195,High Risk
28264,769578,NY,INDIVIDUAL,10+ years,City College of New York,C,RENT,2021-05-11,16-04-2021,16-05-2021,Current,16-06-2021,950522,house,C2, 60 months,Verified,44000.0,0.2504,536.59,0.1349,23325,10,31652,May,0.7038637376951657,High Risk
6413,1044864,KY,INDIVIDUAL,10+ years,Delta Air Lines,D,MORTGAGE,2021-12-11,16-05-2021,16-05-2021,Current,16-06-2021,1275244,credit card,D4, 60 months,Not Verified,59000.0,0.2345,132.12,0.1758,5250,23,6979,December,0.7036646621238862,High Risk
24378,1005707,DC,INDIVIDUAL,< 1 year,National Abortion Federation,E,RENT,2021-11-11,16-05-2021,16-05-2021,Current,16-06-2021,1232077,Debt consolidation,E1, 60 months,Source Verified,42000.0,0.0789,51.49,0.1864,2000,9,2792,November,0.7032422696384314,High Risk
24488,799961,CO,INDIVIDUAL,10+ years,,C,MORTGAGE,2021-07-11,16-05-2021,16-05-2021,Current,16-06-2021,1005210,Debt consolidation,C1, 60 months,Verified,55000.0,0.1488,191.09,0.1299,13750,30,11044,July,0.7030870365903337,High Risk
6632,1066173,MT,INDIVIDUAL,2 years,gem city motors,C,MORTGAGE,2021-12-11,16-05-2021,16-05-2021,Current,16-06-2021,1300526,Debt consolidation,C1, 60 months,Source Verified,30000.0,0.1276,282.96,0.1349,12300,12,14688,December,0.7030865073051562,High Risk
24208,824996,CA,INDIVIDUAL,10+ years,State of California,C,MORTGAGE,2021-07-11,16-05-2021,16-05-2021,Current,16-06-2021,1033754,Debt consolidation,C4, 60 months,Not Verified,64000.0,0.1241,473.6,0.1479,20000,15,26985,July,0.7027053328595791,High Risk
24376,847584,NJ,INDIVIDUAL,7 years,United Parcel Service,E,RENT,2021-08-11,16-05-2021,16-05-2021,Current,16-06-2021,1059096,Debt consolidation,E2, 60 months,Source Verified,90000.0,0.2167,640.16,0.1839,25000,18,36487,August,0.7020432721374998,High Risk
1681,1060581,FL,INDIVIDUAL,8 years,miami herald media company,D,RENT,2021-12-11,16-05-2021,16-05-2021,Current,16-06-2021,1292336,credit card,D2, 60 months,Not Verified,42000.0,0.1569,370.94,0.1677,15000,12,19637,December,0.7017026853882731,High Risk
24353,988469,NY,INDIVIDUAL,10+ years,New York City Human Resources Admin.,C,RENT,2021-10-11,16-04-2021,16-05-2021,Current,16-06-2021,1212703,Debt consolidation,C5, 60 months,Source Verified,39500.0,0.0893,145.79,0.1596,6000,11,7880,October,0.7003969475897603,High Risk
1489,893034,CT,INDIVIDUAL,5 years,Hebrew Home and Hospital,E,RENT,2021-09-11,16-04-2021,16-05-2021,Current,16-06-2021,1110079,car,E3, 60 months,Source Verified,62400.0,0.2312,287.9,0.1942,11000,31,15807,September,0.6996445608014801,High Risk
24247,979592,FL,INDIVIDUAL,1 year,color me hair studio,C,RENT,2021-10-11,16-05-2021,16-05-2021,Current,16-06-2021,1202745,Debt consolidation,C3, 60 months,Not Verified,36000.0,0.181,118.04,0.1465,5000,18,6491,October,0.699325321562759,High Risk
35342,778827,GA,INDIVIDUAL,8 years,army,D,RENT,2021-06-11,16-05-2021,16-05-2021,Current,16-06-2021,981469,other,D3, 60 months,Not Verified,56004.0,0.1963,36.87,0.1649,1500,16,2167,June,0.6991885727707248,High Risk
35409,876837,WI,INDIVIDUAL,3 years,discovery world,B,RENT,2021-09-11,16-05-2021,16-05-2021,Current,16-06-2021,1091447,other,B3, 60 months,Verified,18240.0,0.1395,165.74,0.1171,7500,13,9097,September,0.6988232377561989,High Risk
6441,928898,CA,INDIVIDUAL,3 years,City of Fresno,E,RENT,2021-11-11,16-05-2021,16-05-2021,Current,16-06-2021,1149649,credit card,E3, 60 months,Source Verified,55000.0,0.1774,329.77,0.1942,12600,20,17764,November,0.6986123954327108,High Risk
24388,771489,MA,INDIVIDUAL,10+ years,SafeGuard Services - HP Subsidiary,D,OWN,2021-06-11,16-04-2021,16-05-2021,Current,16-06-2021,973269,Debt consolidation,D2, 60 months,Source Verified,57000.0,0.1636,320.93,0.1599,13200,32,18868,June,0.6986115702002249,High Risk
30357,800358,CA,INDIVIDUAL,3 years,young atitudes aveda,B,RENT,2021-07-11,16-05-2021,16-05-2021,Current,16-06-2021,1005633,major purchase,B4, 60 months,Source Verified,30000.0,0.2404,263.86,0.1149,12000,12,15218,July,0.6985349765201124,High Risk
6812,1062102,IL,INDIVIDUAL,10+ years,Village of Hawthorn Woods,E,MORTGAGE,2021-12-11,16-05-2021,16-05-2021,Current,16-06-2021,1294156,Debt consolidation,E2, 60 months,Verified,96000.0,0.1619,448.41,0.1903,25000,33,23720,December,0.6984815684143957,High Risk
37265,972799,NC,INDIVIDUAL,10+ years,Diamler Trucks North America,B,MORTGAGE,2021-12-11,16-05-2021,16-05-2021,Current,16-06-2021,1194777,small business,B4, 60 months,Verified,70000.0,0.0735,471.61,0.1242,21000,26,24983,December,0.6983446389443919,High Risk
24545,762894,VA,INDIVIDUAL,10+ years,NAVAL SEA SYSTEMS COMMAND(DEPT OF NAVY),E,MORTGAGE,2021-06-11,16-05-2021,16-05-2021,Current,16-06-2021,963460,Debt consolidation,E5, 60 months,Verified,115740.0,0.2193,851.51,0.1969,32350,42,50490,June,0.6981578483788655,High Risk
35326,968482,NY,INDIVIDUAL,10+ years,Quality Hearing Instruments LLC,D,MORTGAGE,2021-10-11,16-05-2021,16-05-2021,Current,16-06-2021,1189462,other,D4, 60 months,Not Verified,81060.0,0.081,342.26,0.1758,13600,15,18429,October,0.6979556925618381,High Risk
6493,826578,FL,INDIVIDUAL,6 years,Colony Acquisition Corp,E,RENT,2021-07-11,16-05-2021,16-05-2021,Current,16-06-2021,1035456,credit card,E2, 60 months,Verified,73923.0,0.1492,368.73,0.1839,14400,40,21017,July,0.6978553180543691,High Risk
24499,936437,LA,INDIVIDUAL,1 year,NiSource,C,MORTGAGE,2021-10-11,16-05-2021,16-05-2021,Current,16-06-2021,1157188,Debt consolidation,C3, 60 months,Verified,65000.0,0.264,472.14,0.1465,20000,36,25966,October,0.6976007152432763,High Risk
24549,854712,OH,INDIVIDUAL,10+ years,Alloy Welding,E,MORTGAGE,2021-08-11,16-05-2021,16-05-2021,Current,16-06-2021,1066980,Debt consolidation,E2, 60 months,Verified,90000.0,0.1577,512.13,0.1839,20000,25,28677,August,0.6970795738087752,High Risk
24462,985811,NY,INDIVIDUAL,10+ years,Staples,C,MORTGAGE,2021-10-11,16-05-2021,16-05-2021,Current,16-06-2021,1209294,Debt consolidation,C2, 60 months,Verified,44000.0,0.165,351.13,0.1427,15000,15,18916,October,0.6970376852547083,High Risk
24279,845396,MA,INDIVIDUAL,< 1 year,Saint James Irish Pub,B,MORTGAGE,2021-08-11,16-05-2021,16-05-2021,Current,16-06-2021,1056589,Debt consolidation,B5, 60 months,Source Verified,36000.0,0.227,333.6,0.1199,15000,18,18996,August,0.6968531963431016,High Risk
24682,881286,NY,INDIVIDUAL,6 years,Macy's,F,RENT,2021-10-11,16-05-2021,16-05-2021,Current,16-06-2021,1096303,Debt consolidation,F1, 60 months,Verified,250000.0,0.1762,855.64,0.2089,31700,24,46172,October,0.6967184697770411,High Risk
24485,1038060,NV,INDIVIDUAL,7 years,MGM Resorts Aviation,C,MORTGAGE,2021-12-11,16-05-2021,16-05-2021,Current,16-06-2021,1267974,Debt consolidation,C5, 60 months,Verified,61000.0,0.2052,388.75,0.1596,16000,27,20553,December,0.6966674802808167,High Risk
35386,973519,OK,INDIVIDUAL,5 years,Lowe's Incorporated,B,MORTGAGE,2021-10-11,16-05-2021,16-05-2021,Current,16-06-2021,1195729,other,B5, 60 months,Verified,42116.0,0.1573,451.9,0.1269,20000,18,24834,October,0.6962502547115703,High Risk
24455,894190,NY,INDIVIDUAL,10+ years,Upstate Telco FCU,B,MORTGAGE,2021-10-11,16-04-2021,16-05-2021,Current,16-06-2021,1111371,Debt consolidation,B5, 60 months,Verified,43538.0,0.1138,555.83,0.1269,24600,33,30547,October,0.6958617249902919,High Risk
37249,1042417,WA,INDIVIDUAL,4 years,Lummi High School,B,RENT,2021-12-11,16-05-2021,16-05-2021,Current,16-06-2021,1272495,small business,B5, 60 months,Source Verified,45000.0,0.0923,271.14,0.1269,12000,9,14357,December,0.6957422468460003,High Risk
1495,749765,NY,INDIVIDUAL,10+ years,extriors by brady,C,RENT,2021-06-11,16-04-2021,16-05-2021,Current,16-06-2021,949031,car,C5, 60 months,Verified,57600.0,0.1208,71.74,0.1523,3000,21,4225,June,0.695661750440513,High Risk
1473,825531,OH,INDIVIDUAL,1 year,Estes Express Lines,D,RENT,2021-07-11,16-05-2021,16-05-2021,Current,16-06-2021,1034332,car,D4, 60 months,Not Verified,30000.0,0.0556,247.94,0.1689,10000,17,14103,July,0.6954526898388566,High Risk
6472,997046,WI,INDIVIDUAL,3 years,Wisconsin Womens' Business Initiative Co,F,MORTGAGE,2021-11-11,16-05-2021,16-05-2021,Current,16-06-2021,1222115,credit card,F2, 60 months,Verified,110000.0,0.0742,827.22,0.2128,30400,36,43838,November,0.6954214567114015,High Risk
24533,875582,NY,INDIVIDUAL,10+ years,EWS Enterprises llc,D,MORTGAGE,2021-09-11,16-05-2021,16-05-2021,Current,16-06-2021,1090140,Debt consolidation,D2, 60 months,Verified,85000.0,0.2053,486.26,0.1599,20000,36,27158,September,0.6952487118886982,High Risk
24362,882969,PA,INDIVIDUAL,2 years,University of North Carolina Wilmington,D,RENT,2021-10-11,16-05-2021,16-05-2021,Current,16-06-2021,1098227,Debt consolidation,D2, 60 months,Source Verified,70900.0,0.2327,435.24,0.1677,17600,18,23923,October,0.6945050310867648,High Risk
24384,838997,CA,INDIVIDUAL,< 1 year,Mattel/PrO Unlimited,D,RENT,2021-08-11,16-05-2021,16-05-2021,Current,16-06-2021,1049129,Debt consolidation,D5, 60 months,Source Verified,69996.0,0.0334,90.43,0.1749,3600,9,5131,August,0.6944523985552772,High Risk
24522,772278,LA,INDIVIDUAL,1 year,Project Leadership Associates,D,MORTGAGE,2021-07-11,16-05-2021,16-05-2021,Current,16-06-2021,974194,Debt consolidation,D4, 60 months,Verified,90000.0,0.2015,495.87,0.1689,20000,22,28695,July,0.6943601811849198,High Risk
37238,881454,NJ,INDIVIDUAL,10+ years,"Youngblood, Lafferty & Sampoli, PA",B,MORTGAGE,2021-09-11,16-04-2021,16-05-2021,Current,16-06-2021,1096578,small business,B2, 60 months,Source Verified,95000.0,0.2497,202.75,0.1065,9400,20,11124,September,0.6941290877529432,High Risk
27886,842788,CA,INDIVIDUAL,7 years,imgram micro,E,MORTGAGE,2021-08-11,16-05-2021,16-05-2021,Current,16-06-2021,1053487,home improvement,E4, 60 months,Verified,72000.0,0.2402,313.21,0.1929,12000,14,17524,August,0.694078712162723,High Risk
24565,833322,NY,INDIVIDUAL,2 years,centennial elevator industries inc,F,MORTGAGE,2021-08-11,16-05-2021,16-05-2021,Current,16-06-2021,1042898,Debt consolidation,F2, 60 months,Verified,125000.0,0.1723,530.77,0.2062,29700,41,29711,August,0.6934334534013633,High Risk
6967,1058698,CT,INDIVIDUAL,4 years,Yale University,E,RENT,2021-12-11,16-05-2021,16-05-2021,Current,16-06-2021,1290297,Debt consolidation,E3, 60 months,Source Verified,68000.0,0.2315,314.07,0.1942,12000,28,16632,December,0.6933303676308902,High Risk
24703,838549,NY,INDIVIDUAL,< 1 year,Temple Shaaray Tefila; New York Sports,E,RENT,2021-08-11,16-05-2021,16-05-2021,Current,16-06-2021,1048652,Debt consolidation,E2, 60 months,Source Verified,70000.0,0.1536,445.55,0.1839,17400,29,24949,August,0.6931238552056096,High Risk
37231,810333,OH,INDIVIDUAL,< 1 year,Blue Line,D,MORTGAGE,2021-07-11,16-05-2021,16-05-2021,Current,16-06-2021,998198,small business,D5, 60 months,Not Verified,70000.0,0.0129,244.27,0.1749,9725,12,14128,July,0.692972229458251,High Risk
37277,755335,TX,INDIVIDUAL,10+ years,Ewing AutoHaus Mercedes Benz,E,MORTGAGE,2021-05-11,16-05-2021,16-05-2021,Current,16-06-2021,955139,small business,E5, 60 months,Verified,192000.0,0.117,622.51,0.1969,35000,28,36682,May,0.6923927930441386,High Risk
24560,805996,CA,INDIVIDUAL,10+ years,Telstra Inc.,F,MORTGAGE,2021-07-11,16-05-2021,16-05-2021,Current,16-06-2021,1012150,Debt consolidation,F5, 60 months,Verified,180000.0,0.2279,631.16,0.2174,33950,31,36601,July,0.6908056545096547,High Risk
37273,864811,WV,INDIVIDUAL,8 years,"Bluefield Transport, LLC",C,MORTGAGE,2021-09-11,16-05-2021,16-05-2021,Current,16-06-2021,1078046,small business,C1, 60 months,Verified,100000.0,0.0205,805.17,0.1349,35000,24,44249,September,0.6902430695163589,High Risk
35330,988489,GA,INDIVIDUAL,7 years,Earthlink,F,MORTGAGE,2021-10-11,16-05-2021,16-05-2021,Current,16-06-2021,1212928,other,F1, 60 months,Not Verified,74000.0,0.1795,134.96,0.2089,5000,27,7274,October,0.6897646185439962,High Risk
24664,776187,NY,INDIVIDUAL,4 years,Coca-Cola,E,RENT,2021-06-11,16-05-2021,16-05-2021,Current,16-06-2021,978510,Debt consolidation,E1, 60 months,Verified,85000.0,0.1097,431.6,0.1799,17000,11,25401,June,0.6897466172190535,High Risk
6476,1039811,AK,INDIVIDUAL,10+ years,"Naknek Electric Association, Inc.",E,OWN,2021-12-11,16-05-2021,16-05-2021,Current,16-06-2021,1269751,credit card,E3, 60 months,Verified,137000.0,0.1811,916.03,0.1942,35000,20,48525,December,0.6897265059269826,High Risk
27879,860547,NY,INDIVIDUAL,10+ years,SourceCorp NY,D,MORTGAGE,2021-08-11,16-02-2021,16-05-2021,Current,16-06-2021,1033425,home improvement,D4, 60 months,Verified,60000.0,0.0288,223.15,0.1689,9000,25,12451,August,0.6890699140789229,High Risk
24528,967154,NY,INDIVIDUAL,5 years,American Student List - Euro RSCG,D,MORTGAGE,2021-10-11,16-04-2021,16-05-2021,Current,16-06-2021,1188071,Debt consolidation,D2, 60 months,Verified,80000.0,0.2112,494.59,0.1677,20000,39,27168,October,0.6889902279917245,High Risk
24309,811676,SC,INDIVIDUAL,3 years,Horry County Schools,D,MORTGAGE,2021-07-11,16-05-2021,16-04-2021,Current,16-05-2021,1018745,Debt consolidation,D2, 60 months,Source Verified,45000.0,0.1392,147.7,0.1599,6075,18,8388,July,0.6885255439106776,High Risk
24582,753270,PA,INDIVIDUAL,7 years,Franklin Family Farms,C,OWN,2021-05-11,16-05-2021,16-04-2021,Current,16-05-2021,952922,Debt consolidation,C3, 60 months,Verified,21090.24,0.1064,308.24,0.1399,13250,3,18160,May,0.6880685745825944,High Risk
24530,882697,MO,INDIVIDUAL,< 1 year,Elsevier,D,MORTGAGE,2021-09-11,16-05-2021,16-05-2021,Current,16-06-2021,1097943,Debt consolidation,D2, 60 months,Verified,74000.0,0.2212,490.88,0.1677,24000,30,26940,September,0.6878837530576863,High Risk
35363,844364,HI,INDIVIDUAL,3 years,"Tom Petrus & Miller, LLLC",F,MORTGAGE,2021-08-11,16-05-2021,16-05-2021,Current,16-06-2021,1055287,other,F2, 60 months,Source Verified,215000.0,0.0529,273.77,0.2062,10200,18,15596,August,0.6877793895607213,High Risk
24205,1032251,GA,INDIVIDUAL,3 years,Province Consulting Group,C,MORTGAGE,2021-12-11,16-05-2021,16-05-2021,Current,16-06-2021,1261914,Debt consolidation,C1, 60 months,Not Verified,38000.0,0.114,345.08,0.1349,15000,13,18255,December,0.686866209818129,High Risk
24631,836548,NJ,INDIVIDUAL,3 years,County Of Ocean,D,RENT,2021-08-11,16-05-2021,16-05-2021,Current,16-06-2021,1046606,Debt consolidation,D2, 60 months,Verified,75000.0,0.2872,607.82,0.1599,25000,11,34593,August,0.6861989963502294,High Risk
24663,1056098,MA,INDIVIDUAL,2 years,Beechwoods Software,E,RENT,2021-12-11,16-05-2021,16-05-2021,Current,16-06-2021,1287673,Debt consolidation,E4, 60 months,Verified,94500.0,0.0809,555.33,0.1991,21000,28,28978,December,0.6861832307968736,High Risk
24235,804308,CA,INDIVIDUAL,10+ years,state of california,B,RENT,2021-07-11,16-05-2021,16-05-2021,Current,16-06-2021,1010163,Debt consolidation,B5, 60 months,Not Verified,35000.0,0.1594,295.79,0.1199,13300,22,17121,July,0.6858995975858384,High Risk
24561,966528,MA,INDIVIDUAL,9 years,Optum Insight,F,MORTGAGE,2021-10-11,16-04-2021,16-05-2021,Current,16-06-2021,1187407,Debt consolidation,F1, 60 months,Verified,127000.0,0.1444,944.71,0.2089,35000,35,51931,October,0.6858763880684242,High Risk
6487,1033362,MD,INDIVIDUAL,10+ years,Verizon,E,RENT,2021-12-11,16-05-2021,16-05-2021,Current,16-06-2021,1262930,credit card,E2, 60 months,Verified,98000.0,0.2374,622.97,0.1903,24000,20,32976,December,0.6856745858788805,High Risk
1470,757710,MN,INDIVIDUAL,1 year,,C,RENT,2021-05-11,16-05-2021,16-05-2021,Current,16-06-2021,957779,car,C5, 60 months,Not Verified,32400.0,0.2122,143.47,0.1523,6000,15,8438,May,0.6848453832054718,High Risk
24508,1047400,NC,INDIVIDUAL,10+ years,Wells Fargo,D,MORTGAGE,2021-12-11,16-05-2021,16-05-2021,Current,16-06-2021,1278279,Debt consolidation,D4, 60 months,Verified,83000.0,0.1627,301.99,0.1758,12000,23,15945,December,0.6842100769351451,High Risk
6477,1041546,MO,INDIVIDUAL,10+ years,Jefferson Regional Home Care,B,RENT,2021-12-11,16-05-2021,16-05-2021,Current,16-06-2021,1271777,credit card,B3, 60 months,Verified,30000.0,0.2696,316.01,0.1171,14300,17,16727,December,0.6835348714411136,High Risk
24492,788122,GA,INDIVIDUAL,10+ years,"Hale Aircraft,inc",C,MORTGAGE,2021-06-11,16-05-2021,16-05-2021,Current,16-06-2021,991757,Debt consolidation,C1, 60 months,Verified,60000.0,0.1454,509.56,0.1299,22400,23,29457,June,0.6830394746164166,High Risk
27850,831199,CA,INDIVIDUAL,8 years,SALINAS VALLEY FORD,E,MORTGAGE,2021-08-11,16-05-2021,16-05-2021,Current,16-06-2021,1040408,home improvement,E2, 60 months,Source Verified,85000.0,0.1763,512.13,0.1839,20000,28,29216,August,0.682992582851602,High Risk
37232,855789,CA,INDIVIDUAL,5 years,Nurse Exchange,C,RENT,2021-09-11,16-05-2021,16-05-2021,Current,16-06-2021,1068127,small business,C2, 60 months,Not Verified,120000.0,0.0936,276.06,0.1349,12000,29,15445,September,0.6827156999867804,High Risk
24334,1014023,NV,INDIVIDUAL,1 year,affinity gamming llc,B,RENT,2021-11-11,16-05-2021,16-05-2021,Current,16-06-2021,1241374,Debt consolidation,B5, 60 months,Source Verified,40000.0,0.2148,361.52,0.1269,16000,10,19475,November,0.6823971909364457,High Risk
6468,919270,FL,INDIVIDUAL,10+ years,Delco Comstruction,E,MORTGAGE,2021-10-11,16-05-2021,16-05-2021,Current,16-06-2021,1139821,credit card,E3, 60 months,Verified,110000.0,0.2079,916.03,0.1942,35000,25,50358,October,0.6821835189871924,High Risk
6666,1065142,WY,INDIVIDUAL,10+ years,Aspens Water and Sewer District,E,RENT,2021-12-11,16-05-2021,16-04-2021,Current,16-05-2021,1299224,Debt consolidation,E2, 60 months,Verified,75000.0,0.1963,648.93,0.1903,25000,13,33698,December,0.681492169193548,High Risk
24609,1039836,NV,INDIVIDUAL,7 years,UnitedHealthcare Nevada,B,RENT,2021-12-11,16-05-2021,16-05-2021,Current,16-06-2021,1269776,Debt consolidation,B5, 60 months,Verified,40000.0,0.1548,451.9,0.1269,20000,16,23903,December,0.6813784789673958,High Risk
35340,970496,NY,INDIVIDUAL,8 years,Lexington School-Center for the Deaf,D,RENT,2021-10-11,16-05-2021,16-05-2021,Current,16-06-2021,1192168,other,D2, 60 months,Not Verified,53700.0,0.0056,61.83,0.1677,2500,14,3385,October,0.6813454532400169,High Risk
24301,981456,GA,INDIVIDUAL,1 year,Sacred Journey Hospice,D,MORTGAGE,2021-10-11,16-05-2021,16-05-2021,Current,16-06-2021,1204623,Debt consolidation,D5, 60 months,Source Verified,101000.0,0.1627,638.25,0.1825,25000,25,34424,October,0.6806335428445373,High Risk
27841,1052008,NC,INDIVIDUAL,5 years,Union County Public Schools,D,MORTGAGE,2021-12-11,16-05-2021,16-05-2021,Current,16-06-2021,1283540,home improvement,D2, 60 months,Source Verified,56004.0,0.0986,257.19,0.1677,10400,25,13603,December,0.680591437665819,High Risk
37286,763033,MA,INDIVIDUAL,10+ years,MIT Lincoln Laboratory,C,RENT,2021-05-11,16-05-2021,16-05-2021,Current,16-06-2021,963600,small business,C5, 60 months,Verified,183000.0,0.1005,640.82,0.1523,26800,13,37774,May,0.6805664480810908,High Risk
6543,1034693,KS,INDIVIDUAL,7 years,Menards,D,RENT,2021-12-11,16-05-2021,16-05-2021,Current,16-06-2021,1264291,Debt consolidation,D4, 60 months,Not Verified,65000.0,0.1556,402.65,0.1758,16000,16,20909,December,0.6804422241193004,High Risk
37263,808952,OK,INDIVIDUAL,5 years,Door Controls of Oklahoma,B,MORTGAGE,2021-07-11,16-05-2021,16-05-2021,Current,16-06-2021,1015724,small business,B3, 60 months,Verified,63000.0,0.104,543.44,0.1099,25000,18,31492,July,0.67983838499025,High Risk
6474,1003434,GA,INDIVIDUAL,4 years,Upson Women's Services,B,OWN,2021-11-11,16-05-2021,16-05-2021,Current,16-06-2021,1229794,credit card,B2, 60 months,Verified,38400.0,0.2247,539.21,0.1065,25000,41,29037,November,0.6796447080855471,High Risk
6481,1042314,NY,INDIVIDUAL,10+ years,cerebal palsy of nys,C,RENT,2021-12-11,16-05-2021,16-05-2021,Current,16-06-2021,1272573,credit card,C5, 60 months,Verified,58000.0,0.2375,364.46,0.1596,15000,20,19286,December,0.6794707132707765,High Risk
1611,1063653,NY,INDIVIDUAL,10+ years,hudson national golf club,E,RENT,2021-12-11,16-04-2021,16-05-2021,Current,16-06-2021,1296216,credit card,E3, 60 months,Verified,105000.0,0.2113,654.31,0.1942,25000,42,34660,December,0.6792387085546038,High Risk
35402,779386,KY,INDIVIDUAL,6 years,,G,MORTGAGE,2021-06-11,16-05-2021,16-05-2021,Current,16-06-2021,982068,other,G5, 60 months,Verified,200000.0,0.1495,556.03,0.2459,25000,57,32724,June,0.678857465198077,High Risk
27897,795569,WI,INDIVIDUAL,5 years,Gundersen Lutheran,D,MORTGAGE,2021-06-11,16-05-2021,16-05-2021,Current,16-06-2021,1000318,home improvement,D5, 60 months,Verified,52000.0,0.2499,361.69,0.1749,14400,29,20955,June,0.678402927279488,High Risk
1476,841960,FL,INDIVIDUAL,5 years,GFI Software,B,MORTGAGE,2021-08-11,16-05-2021,16-04-2021,Current,16-05-2021,1052558,car,B5, 60 months,Source Verified,37080.0,0.2094,266.88,0.1199,12000,8,14925,August,0.6782821881506822,High Risk
35394,1014538,OH,INDIVIDUAL,6 years,United States Marshal Service,E,MORTGAGE,2021-12-11,16-05-2021,16-05-2021,Current,16-06-2021,1242126,other,E5, 60 months,Verified,95000.0,0.1515,399.92,0.203,15000,15,21143,December,0.6782399475521484,High Risk
24695,891264,CA,INDIVIDUAL,10+ years,"Socket Mobile, Inc.",C,RENT,2021-10-11,16-05-2021,16-05-2021,Current,16-06-2021,1108009,Debt consolidation,C2, 60 months,Verified,65000.0,0.1775,327.72,0.1427,14000,16,18013,October,0.6781510687702196,High Risk
24673,1053591,IL,INDIVIDUAL,4 years,Morton Arb,E,RENT,2021-12-11,16-05-2021,16-05-2021,Current,16-06-2021,1285181,Debt consolidation,E1, 60 months,Verified,87000.0,0.0931,514.86,0.1864,20000,32,27310,December,0.6777138095871349,High Risk
24360,1038738,VT,INDIVIDUAL,1 year,Lang McLaughry Spera,D,RENT,2021-12-11,16-04-2021,16-05-2021,Current,16-06-2021,1268653,Debt consolidation,D5, 60 months,Source Verified,75000.0,0.2179,329.34,0.1825,12900,23,17433,December,0.6776163074838591,High Risk
27885,1030425,WI,INDIVIDUAL,4 years,City of Milwaukee,E,MORTGAGE,2021-12-11,16-05-2021,16-05-2021,Current,16-06-2021,1259813,home improvement,E3, 60 months,Verified,50000.0,0.0636,274.81,0.1942,10500,16,14546,December,0.6775025946558043,High Risk
24491,1035719,OH,INDIVIDUAL,10+ years,Verizon Business,C,MORTGAGE,2021-12-11,16-05-2021,16-05-2021,Current,16-06-2021,1265572,Debt consolidation,C1, 60 months,Verified,58000.0,0.2363,432.49,0.1349,18800,14,22900,December,0.6774180797206738,High Risk
24375,965621,HI,INDIVIDUAL,9 years,Army,E,RENT,2021-10-11,16-05-2021,16-05-2021,Current,16-06-2021,1186254,Debt consolidation,E4, 60 months,Source Verified,74400.0,0.1669,68.76,0.1991,2600,8,3795,October,0.6773469434941125,High Risk
24659,1007408,VA,INDIVIDUAL,< 1 year,Malloy Ford,D,RENT,2021-11-11,16-05-2021,16-05-2021,Current,16-06-2021,1233800,Debt consolidation,D4, 60 months,Verified,65000.0,0.1549,377.49,0.1758,15000,27,20321,November,0.6773301383389824,High Risk
27839,825886,HI,INDIVIDUAL,10+ years,US Army,D,MORTGAGE,2021-07-11,16-05-2021,16-05-2021,Current,16-06-2021,1034719,home improvement,D4, 60 months,Source Verified,84000.0,0.1736,380.58,0.1689,15350,17,21662,July,0.6767231473745892,High Risk
24677,748284,CA,INDIVIDUAL,10+ years,John Wells Productions/Bens Run,E,RENT,2021-05-11,16-05-2021,16-05-2021,Current,16-06-2021,947315,Debt consolidation,E5, 60 months,Verified,160000.0,0.1096,276.38,0.1969,10500,25,16544,May,0.6764765968252543,High Risk
24254,1022601,CA,INDIVIDUAL,3 years,Allied Auto Stores,D,RENT,2021-11-11,16-05-2021,16-04-2021,Current,16-05-2021,1251382,Debt consolidation,D3, 60 months,Not Verified,37000.0,0.2423,115.0,0.1727,4600,24,6086,November,0.676217160909528,High Risk
24620,1010721,CT,INDIVIDUAL,< 1 year,Bride Brook,C,RENT,2021-11-11,16-04-2021,16-05-2021,Current,16-06-2021,1237755,Debt consolidation,C1, 60 months,Verified,42000.0,0.2854,284.69,0.1349,12375,14,15337,November,0.6755219065263893,High Risk
31038,812394,NJ,INDIVIDUAL,4 years,Eisai Inc.,F,MORTGAGE,2021-07-11,16-05-2021,16-04-2021,Current,16-05-2021,1019552,medical,F4, 60 months,Verified,214200.0,0.0966,697.77,0.2136,35000,19,39754,July,0.6743385044145526,High Risk
1474,814974,FL,INDIVIDUAL,2 years,Saruski Design Studio,E,RENT,2021-07-11,16-05-2021,16-05-2021,Current,16-06-2021,1022557,car,E1, 60 months,Not Verified,49200.0,0.1963,165.03,0.1799,6500,30,9385,July,0.674113267477039,High Risk
24227,1037404,OH,INDIVIDUAL,5 years,bed bath and beyond,C,OWN,2021-12-11,16-05-2021,16-05-2021,Current,16-06-2021,1267095,Debt consolidation,C1, 60 months,Not Verified,30000.0,0.1944,322.07,0.1349,14000,20,17055,December,0.6740721816309316,High Risk
24608,1045401,GA,INDIVIDUAL,10+ years,Wood & Fullerton Inc.,B,RENT,2021-12-11,16-05-2021,16-05-2021,Current,16-06-2021,1275807,Debt consolidation,B5, 60 months,Verified,45000.0,0.1581,497.09,0.1269,22000,14,26308,December,0.6738791207852961,High Risk
24322,762192,NJ,INDIVIDUAL,4 years,PSEG Nuclear,E,MORTGAGE,2021-06-11,16-05-2021,16-05-2021,Current,16-06-2021,962700,Debt consolidation,E2, 60 months,Source Verified,80000.0,0.1047,190.13,0.1839,7425,15,11216,June,0.673386462238561,High Risk
35393,999331,TX,INDIVIDUAL,10+ years,,E,MORTGAGE,2021-11-11,16-05-2021,16-05-2021,Current,16-06-2021,1224708,other,E4, 60 months,Verified,243000.0,0.1559,899.1,0.1991,34000,39,48543,November,0.6730525399106536,High Risk
1484,1008388,CA,INDIVIDUAL,8 years,United States Postal Service,B,RENT,2021-11-11,16-05-2021,16-05-2021,Current,16-06-2021,1234873,car,B4, 60 months,Source Verified,36000.0,0.0883,336.86,0.1242,15000,11,18173,November,0.6723062598991765,High Risk
6459,981365,OR,INDIVIDUAL,1 year,AGFA HealthCare,D,MORTGAGE,2021-10-11,16-05-2021,16-04-2021,Current,16-05-2021,1204516,credit card,D4, 60 months,Verified,80000.0,0.1047,483.18,0.1758,19200,14,25977,October,0.6720986250872726,High Risk
24293,753996,MI,INDIVIDUAL,4 years,Eaton County Sheriff Dept.,C,MORTGAGE,2021-05-11,16-05-2021,16-05-2021,Current,16-06-2021,953689,Debt consolidation,C1, 60 months,Source Verified,43000.0,0.1783,202.46,0.1299,8900,17,11891,May,0.6720259958807138,High Risk
35359,992382,WI,INDIVIDUAL,7 years,,D,MORTGAGE,2021-10-11,16-05-2021,16-05-2021,Current,16-06-2021,1216871,other,D5, 60 months,Source Verified,120000.0,0.1743,638.25,0.1825,25000,20,34430,October,0.6719334509713217,High Risk
24512,758317,NJ,INDIVIDUAL,2 years,"Zimmet Healthcare Services Group, LLC",D,MORTGAGE,2021-05-11,16-05-2021,16-05-2021,Current,16-06-2021,958467,Debt consolidation,D5, 60 months,Verified,95000.0,0.2059,572.67,0.1749,22800,22,33748,May,0.6718387869884561,High Risk
24536,846731,MA,INDIVIDUAL,10+ years,Raytheon Company,E,MORTGAGE,2021-08-11,16-04-2021,16-05-2021,Current,16-06-2021,1058152,Debt consolidation,E4, 60 months,Verified,113713.0,0.2488,548.11,0.1929,21000,22,31211,August,0.6713575960590942,High Risk
35399,816600,FL,INDIVIDUAL,10+ years,Village of Key Biscayne,F,MORTGAGE,2021-07-11,16-05-2021,16-05-2021,Current,16-06-2021,1024359,other,F2, 60 months,Verified,184000.0,0.1583,939.41,0.2062,35000,39,53532,July,0.6712627891524812,High Risk
24661,754163,NJ,INDIVIDUAL,10+ years,UBS Financial Services,E,RENT,2021-05-11,16-04-2021,16-04-2021,Current,16-05-2021,953869,Debt consolidation,E4, 60 months,Verified,190000.0,0.2006,577.48,0.1929,35000,36,34039,May,0.6711673547075718,High Risk
24579,1008428,MA,INDIVIDUAL,2 years,Medical Specialties Distributors,C,OWN,2021-11-11,16-04-2021,16-05-2021,Current,16-06-2021,1235124,Debt consolidation,C2, 60 months,Verified,57000.0,0.1735,468.17,0.1427,20000,17,25229,November,0.6711094203317878,High Risk
24519,785035,OH,INDIVIDUAL,10+ years,insulators loca lunion #80,D,MORTGAGE,2021-06-11,16-05-2021,16-05-2021,Current,16-06-2021,988301,Debt consolidation,D2, 60 months,Verified,87500.0,0.2252,384.75,0.1599,24000,29,22281,June,0.6710360536641453,High Risk
1475,804708,OH,INDIVIDUAL,< 1 year,millers chevron,C,OWN,2021-07-11,16-05-2021,16-05-2021,Current,16-06-2021,1010614,car,C4, 60 months,Not Verified,25200.0,0.1414,165.76,0.1479,7000,17,9600,July,0.6710239193705563,High Risk
31603,1075358,OR,INDIVIDUAL,1 year,University Medical Group,B,RENT,2021-12-11,16-05-2021,16-05-2021,Current,16-06-2021,1311748,other,B5, 60 months,Source Verified,80000.0,0.1794,67.79,0.1269,3000,38,3513,December,0.6710049022806972,High Risk
24624,1014974,OH,INDIVIDUAL,5 years,,C,RENT,2021-11-11,16-05-2021,16-05-2021,Current,16-06-2021,1242390,Debt consolidation,C3, 60 months,Verified,48000.0,0.1923,195.94,0.1465,8300,19,10579,November,0.670964143685431,High Risk
24335,1048015,NJ,INDIVIDUAL,10+ years,Canon,B,RENT,2021-12-11,16-04-2021,16-05-2021,Current,16-06-2021,1279149,Debt consolidation,B4, 60 months,Source Verified,40000.0,0.1239,359.32,0.1242,16000,27,18689,December,0.6707516070755495,High Risk
24214,1028145,HI,INDIVIDUAL,10+ years,Matson Navigation Company,D,MORTGAGE,2021-11-11,16-05-2021,16-05-2021,Current,16-06-2021,1257730,Debt consolidation,D2, 60 months,Not Verified,120000.0,0.1644,395.67,0.1677,16000,25,20930,November,0.6703922334452657,High Risk
35381,978488,OH,INDIVIDUAL,6 years,pepsi beverages company,B,MORTGAGE,2021-11-11,16-05-2021,16-05-2021,Current,16-06-2021,1201533,other,B2, 60 months,Verified,40000.0,0.1362,388.23,0.1065,18000,27,20889,November,0.6703673004772498,High Risk
24506,760328,KS,INDIVIDUAL,10+ years,Graham Packagaing Company,D,MORTGAGE,2021-05-11,16-05-2021,16-05-2021,Current,16-06-2021,934559,Debt consolidation,D2, 60 months,Verified,80000.0,0.0814,593.57,0.1491,25000,23,34995,May,0.6702005061190336,High Risk
27877,982209,CA,INDIVIDUAL,10+ years,social security admin,D,MORTGAGE,2021-10-11,16-05-2021,16-05-2021,Current,16-06-2021,1205405,home improvement,D2, 60 months,Verified,87996.0,0.0095,741.88,0.1677,30000,18,40714,October,0.6697432976898546,High Risk
24363,989431,CA,INDIVIDUAL,2 years,"Bankruptcy Advantage, LLC",D,RENT,2021-11-11,16-05-2021,16-05-2021,Current,16-06-2021,1213387,Debt consolidation,D3, 60 months,Source Verified,82500.0,0.1411,299.98,0.1727,12000,11,16162,November,0.6694309540701271,High Risk
24527,985454,FL,INDIVIDUAL,4 years,JK Harris,D,MORTGAGE,2021-11-11,16-05-2021,16-05-2021,Current,16-06-2021,1209117,Debt consolidation,D2, 60 months,Verified,79000.0,0.096,494.59,0.1677,20000,25,26629,November,0.6694092430213118,High Risk
24490,853014,IL,INDIVIDUAL,1 year,weber grill,C,MORTGAGE,2021-09-11,16-05-2021,16-05-2021,Current,16-06-2021,1065160,Debt consolidation,C2, 60 months,Verified,50004.0,0.0866,309.0,0.1427,13200,15,17271,September,0.6693078864334201,High Risk
27894,1039887,VA,INDIVIDUAL,10+ years,Dept of Defense,F,OWN,2021-12-11,16-05-2021,16-05-2021,Current,16-06-2021,1269832,home improvement,F3, 60 months,Verified,170000.0,0.0161,543.15,0.2167,19800,21,28760,December,0.6692278910171545,High Risk
24305,972482,NJ,INDIVIDUAL,10+ years,Jersey CIty Public Schools,D,MORTGAGE,2021-10-11,16-05-2021,16-05-2021,Current,16-06-2021,1194442,Debt consolidation,D3, 60 months,Source Verified,99996.0,0.0218,149.99,0.1727,6000,8,8229,October,0.6692022161274075,High Risk
6455,802236,FL,INDIVIDUAL,10+ years,Walt Disney World,C,MORTGAGE,2021-07-11,16-05-2021,16-05-2021,Current,16-06-2021,1007871,credit card,C2, 60 months,Verified,59000.0,0.1078,506.11,0.1349,22000,21,29281,July,0.6689459904208542,High Risk
24632,844775,CA,INDIVIDUAL,3 years,Sunbelt Controls Inc.,D,RENT,2021-09-11,16-05-2021,16-05-2021,Current,16-06-2021,1055837,Debt consolidation,D3, 60 months,Verified,98000.0,0.2049,666.72,0.1649,35000,32,37280,September,0.6687165579432676,High Risk
24410,1051869,KY,INDIVIDUAL,10+ years,Knott County Board of Education,B,MORTGAGE,2021-12-11,16-05-2021,16-05-2021,Current,16-06-2021,1283379,Debt consolidation,B4, 60 months,Verified,56000.0,0.2019,613.09,0.1242,27300,43,32485,December,0.6686784741585998,High Risk
35388,882545,NC,INDIVIDUAL,10+ years,,C,MORTGAGE,2021-09-11,16-05-2021,16-05-2021,Current,16-06-2021,1097771,other,C1, 60 months,Verified,51600.0,0.0572,276.06,0.1349,12000,28,15151,September,0.6678235706876606,High Risk
24521,885252,OR,INDIVIDUAL,1 year,Sierra Pacific Mortgage,D,MORTGAGE,2021-09-11,16-05-2021,16-05-2021,Current,16-06-2021,1100914,Debt consolidation,D3, 60 months,Verified,96000.0,0.0975,637.45,0.1727,35000,31,35008,September,0.6677129162078848,High Risk
38563,757109,TX,INDIVIDUAL,1 year,Spring ISD,F,MORTGAGE,2021-05-11,16-05-2021,16-05-2021,Current,16-06-2021,957121,wedding,F4, 60 months,Source Verified,44250.0,0.1334,490.62,0.2136,18000,34,28940,May,0.6669068063484771,High Risk
35395,1027861,NC,INDIVIDUAL,2 years,Microtech,E,MORTGAGE,2021-11-11,16-05-2021,16-05-2021,Current,16-06-2021,1257244,other,E4, 60 months,Verified,97008.0,0.2476,132.22,0.1991,5000,33,7003,November,0.6667973383098238,High Risk
24550,850888,KS,INDIVIDUAL,4 years,WS Packaging Group,E,MORTGAGE,2021-08-11,16-05-2021,16-05-2021,Current,16-06-2021,1062750,Debt consolidation,E5, 60 months,Verified,96000.0,0.1065,658.05,0.1969,25000,33,36827,August,0.6665463422445927,High Risk
24685,860830,IL,INDIVIDUAL,7 years,Huron Consulting,F,RENT,2021-08-11,16-05-2021,16-05-2021,Current,16-06-2021,1073646,Debt consolidation,F2, 60 months,Verified,148000.0,0.0523,590.49,0.2062,22000,18,33056,August,0.6664065083157804,High Risk
24467,994632,FL,INDIVIDUAL,4 years,RRd Partners,C,MORTGAGE,2021-10-11,16-05-2021,16-05-2021,Current,16-06-2021,1219074,Debt consolidation,C2, 60 months,Verified,54000.0,0.1811,134.6,0.1427,5750,32,7256,October,0.666363648891705,High Risk
6431,838686,CA,INDIVIDUAL,10+ years,Maritz Inc,D,MORTGAGE,2021-08-11,16-05-2021,16-05-2021,Current,16-06-2021,1048799,credit card,D3, 60 months,Source Verified,86000.0,0.1782,336.74,0.1649,13700,20,19164,August,0.6663421578492128,High Risk
1487,1052616,FL,INDIVIDUAL,6 years,A&A Sheetmetal Contractors Corp.,C,RENT,2021-12-11,16-05-2021,16-05-2021,Current,16-06-2021,1284174,car,C3, 60 months,Source Verified,51008.0,0.0814,198.3,0.1465,8400,10,10523,December,0.6658504562032278,High Risk
24263,980552,OH,INDIVIDUAL,10+ years,MIAMISBURG CITY SCHOOLS,D,RENT,2021-11-11,16-05-2021,16-05-2021,Current,16-06-2021,1204352,Debt consolidation,D3, 60 months,Not Verified,77000.0,0.1505,349.98,0.1727,14000,36,18853,November,0.6656707260109282,High Risk
27853,829417,NY,INDIVIDUAL,10+ years,"mirabito holdings,inc",B,MORTGAGE,2021-08-11,16-05-2021,16-05-2021,Current,16-06-2021,1038520,home improvement,B5, 60 months,Verified,39000.0,0.1535,444.79,0.1199,20000,11,25308,August,0.6653307622698301,High Risk
35422,827474,NC,INDIVIDUAL,< 1 year,"Targacept, Inc.",G,RENT,2021-07-11,16-04-2021,16-05-2021,Current,16-06-2021,1036429,other,G1, 60 months,Verified,100000.0,0.0547,370.94,0.2211,13400,7,21129,July,0.6646141000143799,High Risk
24354,965249,NJ,INDIVIDUAL,2 years,North Ward Center Inc,C,RENT,2021-09-11,16-05-2021,16-05-2021,Current,16-06-2021,1169262,Debt consolidation,C5, 60 months,Source Verified,56000.0,0.1262,364.46,0.1596,15000,23,20021,September,0.6642335021786758,High Risk
35384,1054441,NY,INDIVIDUAL,4 years,Boston Market,B,MORTGAGE,2021-12-11,16-05-2021,16-05-2021,Current,16-06-2021,1286072,other,B5, 60 months,Verified,45000.0,0.1104,508.39,0.1269,22500,24,26921,December,0.6641633708559974,High Risk
35334,890158,FL,INDIVIDUAL,3 years,Kahane and Associates  P.A.,B,RENT,2021-09-11,16-05-2021,16-05-2021,Current,16-06-2021,1106736,other,B1, 60 months,Not Verified,30000.0,0.0952,127.22,0.0991,6000,16,6997,September,0.6638120036730303,High Risk
24505,1029762,WI,INDIVIDUAL,1 year,"VA Hospital Madison, WI",C,MORTGAGE,2021-12-11,16-05-2021,16-05-2021,Current,16-06-2021,1259333,Debt consolidation,C3, 60 months,Verified,70000.0,0.1716,708.2,0.1465,30000,31,37530,December,0.6636178347379105,High Risk
24568,791421,WA,INDIVIDUAL,10+ years,U.S. COAST GUARD,F,MORTGAGE,2021-07-11,16-05-2021,16-05-2021,Current,16-06-2021,995729,Debt consolidation,F3, 60 months,Verified,156000.0,0.1646,497.01,0.2099,30000,47,28792,July,0.6633813365561064,High Risk
24295,1018962,NY,INDIVIDUAL,6 years,Bethlehem Church,C,MORTGAGE,2021-11-11,16-05-2021,16-05-2021,Current,16-06-2021,1247239,Debt consolidation,C3, 60 months,Source Verified,50000.0,0.2002,141.64,0.1465,6000,19,7508,November,0.6632785643319701,High Risk
30372,758046,NY,INDIVIDUAL,1 year,Enterprise Renta Car,C,RENT,2021-05-11,16-05-2021,16-05-2021,Current,16-06-2021,958161,major purchase,C2, 60 months,Verified,36000.0,0.134,161.04,0.1349,7000,9,9475,May,0.6630845870536183,High Risk
24626,998817,MA,INDIVIDUAL,< 1 year,Bluewolf,C,RENT,2021-11-11,16-04-2021,16-05-2021,Current,16-06-2021,1224184,Debt consolidation,C3, 60 months,Verified,70000.0,0.2198,590.17,0.1465,25000,32,31868,November,0.6626819135323858,High Risk
35336,852813,NY,INDIVIDUAL,4 years,Lenel,C,RENT,2021-08-11,16-04-2021,16-05-2021,Current,16-06-2021,1064934,other,C1, 60 months,Not Verified,59496.0,0.1448,143.89,0.1299,6325,13,8026,August,0.6622112800468847,High Risk
24699,1018129,MI,INDIVIDUAL,10+ years,553742017,F,MORTGAGE,2021-11-11,16-05-2021,16-05-2021,Current,16-06-2021,1246557,Debt consolidation,F1, 60 months,Verified,160000.0,0.1211,944.71,0.2089,35000,21,50975,November,0.6619722844638531,High Risk
35352,889244,CA,INDIVIDUAL,< 1 year,osi electronics,B,MORTGAGE,2021-09-11,16-05-2021,16-05-2021,Current,16-06-2021,1105821,other,B3, 60 months,Source Verified,44004.0,0.1023,77.35,0.1171,3500,21,4246,September,0.6617043221192875,High Risk
1574,1065320,NY,INDIVIDUAL,3 years,institute for family health,E,RENT,2021-12-11,16-04-2021,16-04-2021,Current,16-05-2021,1299408,credit card,E2, 60 months,Source Verified,90000.0,0.1132,467.23,0.1903,18000,16,24261,December,0.6610565932373789,High Risk
24188,1034970,CT,INDIVIDUAL,10+ years,garden home management,B,MORTGAGE,2021-12-11,16-04-2021,16-05-2021,Current,16-06-2021,1264572,Debt consolidation,B3, 60 months,Not Verified,48000.0,0.233,265.18,0.1171,12000,27,14029,December,0.6610344788386094,High Risk
24482,1017853,CO,INDIVIDUAL,7 years,Quaker Sales and Distribution,C,MORTGAGE,2021-11-11,16-05-2021,16-05-2021,Current,16-06-2021,1246046,Debt consolidation,C3, 60 months,Verified,60000.0,0.123,306.89,0.1465,13000,11,16263,November,0.6609866370179763,High Risk
35339,1022594,NY,INDIVIDUAL,8 years,taco bell,C,RENT,2021-11-11,16-05-2021,16-04-2021,Current,16-05-2021,1251375,other,C4, 60 months,Not Verified,56004.0,0.045,71.8,0.1527,3000,25,3789,November,0.6608250521826057,High Risk
24480,963769,KS,INDIVIDUAL,6 years,Denton Auto Salvage,C,MORTGAGE,2021-10-11,16-05-2021,16-05-2021,Current,16-06-2021,1184520,Debt consolidation,C3, 60 months,Verified,60000.0,0.1544,472.14,0.1465,20000,12,25966,October,0.6601605339400196,High Risk
30374,1024864,CA,INDIVIDUAL,6 years,The Profission Partnership,D,RENT,2021-11-11,16-05-2021,16-05-2021,Current,16-06-2021,1254004,major purchase,D2, 60 months,Verified,60000.0,0.0854,237.4,0.1677,9600,5,12542,November,0.6593374995915644,High Risk
24347,1046117,IL,INDIVIDUAL,10+ years,Bradley University,C,RENT,2021-12-11,16-05-2021,16-05-2021,Current,16-06-2021,1277152,Debt consolidation,C2, 60 months,Source Verified,86000.0,0.2057,786.53,0.1427,33600,18,41674,December,0.6591212498306525,High Risk
24476,745888,VA,INDIVIDUAL,1 year,Lewis Creative Technologies,C,MORTGAGE,2021-05-11,16-05-2021,16-05-2021,Current,16-06-2021,944522,Debt consolidation,C4, 60 months,Verified,45000.0,0.2384,254.56,0.1479,10750,28,14999,May,0.6591166541096082,High Risk
24576,863011,MN,INDIVIDUAL,4 years,morries automotive group,B,OWN,2021-09-11,16-05-2021,16-05-2021,Current,16-06-2021,1076078,Debt consolidation,B4, 60 months,Verified,40000.0,0.1161,230.87,0.1149,10500,27,12866,September,0.6590226235934932,High Risk
6410,805364,OH,INDIVIDUAL,7 years,Sedgwick CMS,C,MORTGAGE,2021-07-11,16-05-2021,16-05-2021,Current,16-06-2021,1011381,credit card,C4, 60 months,Not Verified,47000.0,0.2186,378.88,0.1479,16000,14,21956,July,0.6589728215406238,High Risk
6932,1059282,NY,INDIVIDUAL,4 years,The Bowery Hotel,C,RENT,2021-12-11,16-04-2021,16-05-2021,Current,16-06-2021,1266223,Debt consolidation,C1, 60 months,Source Verified,40000.0,0.1119,356.58,0.1349,15500,8,18888,December,0.6583261886463763,High Risk
24532,992489,MO,INDIVIDUAL,10+ years,Compass Minerals International,D,MORTGAGE,2021-10-11,16-05-2021,16-05-2021,Current,16-06-2021,1216994,Debt consolidation,D4, 60 months,Verified,117996.0,0.1828,503.32,0.1758,20000,36,27120,October,0.658076136804742,High Risk
1572,1065342,CA,INDIVIDUAL,2 years,Micro/Sys,C,MORTGAGE,2021-12-11,16-05-2021,16-04-2021,Current,16-05-2021,1299434,credit card,C3, 60 months,Verified,56000.0,0.1215,472.14,0.1465,20000,15,24549,December,0.6579758601516071,High Risk
37239,976982,AL,INDIVIDUAL,< 1 year,Trowel Arts Corporation,B,MORTGAGE,2021-10-11,16-05-2021,16-05-2021,Current,16-06-2021,1199763,small business,B1, 60 months,Source Verified,42000.0,0.1709,265.04,0.0991,12500,14,14312,October,0.6578939046692308,High Risk
24210,809779,IL,INDIVIDUAL,10+ years,ILL DEPT OF CORRECTIONS,C,MORTGAGE,2021-07-11,16-05-2021,16-05-2021,Current,16-06-2021,1016636,Debt consolidation,C4, 60 months,Not Verified,87000.0,0.1621,378.88,0.1479,16000,28,21574,July,0.6574533063832165,High Risk
24327,733727,CA,INDIVIDUAL,5 years,Edwards Lifesciences,D,OWN,2021-06-11,16-05-2021,16-05-2021,Current,16-06-2021,930120,Debt consolidation,D3, 60 months,Source Verified,84875.0,0.1171,196.64,0.1649,8000,9,11378,June,0.6571815557658549,High Risk
24255,801290,RI,INDIVIDUAL,10+ years,Johnson & Wales University,D,RENT,2021-07-11,16-04-2021,16-05-2021,Current,16-06-2021,1006855,Debt consolidation,D2, 60 months,Not Verified,51000.0,0.1795,133.73,0.1599,5500,22,7747,July,0.6571550549169628,High Risk
6999,1058173,PA,INDIVIDUAL,10+ years,Independence Blue Cross,D,RENT,2021-12-11,16-05-2021,16-05-2021,Current,16-06-2021,1289752,Debt consolidation,D2, 60 months,Source Verified,80000.0,0.0909,148.38,0.1677,6000,26,7693,December,0.657129004622852,High Risk
6414,959260,WI,INDIVIDUAL,8 years,Walsh Bishop Associates,E,MORTGAGE,2021-10-11,16-05-2021,16-05-2021,Current,16-06-2021,1180011,credit card,E3, 60 months,Not Verified,68800.0,0.0923,376.88,0.1942,14400,38,20303,October,0.6569007385956003,High Risk
24510,792975,CT,INDIVIDUAL,10+ years,nyc lp corp,D,MORTGAGE,2021-06-11,16-05-2021,16-05-2021,Current,16-06-2021,997448,Debt consolidation,D5, 60 months,Verified,108996.0,0.1225,502.34,0.1749,20000,15,29084,June,0.6562227527181742,High Risk
24282,987291,MN,INDIVIDUAL,10+ years,Mayo Clinic,B,MORTGAGE,2021-10-11,16-05-2021,16-05-2021,Current,16-06-2021,1201065,Debt consolidation,B5, 60 months,Source Verified,50000.0,0.2779,367.73,0.1269,16275,25,19828,October,0.6557506580440161,High Risk
35396,1028903,MD,INDIVIDUAL,< 1 year,RJM Technologies,E,MORTGAGE,2021-11-11,16-05-2021,16-05-2021,Current,16-06-2021,1258262,other,E1, 60 months,Verified,140000.0,0.1776,720.81,0.1864,28000,21,39689,November,0.6557368436286393,High Risk
31599,788117,NJ,INDIVIDUAL,< 1 year,Edward Jones Investments,B,RENT,2021-06-11,16-05-2021,16-05-2021,Current,16-06-2021,991750,moving,B1, 60 months,Verified,35000.0,0.1186,254.91,0.0999,12000,19,14770,June,0.6556618670037024,High Risk
38567,1020423,GA,INDIVIDUAL,< 1 year,Triton Digital,D,RENT,2021-11-11,16-05-2021,16-05-2021,Current,16-06-2021,1249198,wedding,D3, 60 months,Source Verified,43500.0,0.0041,164.99,0.1727,6600,9,8890,November,0.6556253328509938,High Risk
27844,809092,MO,INDIVIDUAL,10+ years,c and c produce,C,OWN,2021-07-11,16-05-2021,16-05-2021,Current,16-06-2021,1015876,home improvement,C2, 60 months,Source Verified,50004.0,0.1723,263.41,0.1349,13500,21,15246,July,0.6551419881626158,High Risk
35415,968865,CT,INDIVIDUAL,< 1 year,Frontier Communications,C,RENT,2021-10-11,16-04-2021,16-05-2021,Current,16-06-2021,1083913,other,C1, 60 months,Verified,68000.0,0.0339,483.1,0.1349,21000,12,26557,October,0.6550933905666051,High Risk
6462,968808,CO,INDIVIDUAL,10+ years,u.s postal,D,MORTGAGE,2021-10-11,16-04-2021,16-05-2021,Current,16-06-2021,1189797,credit card,D4, 60 months,Verified,80000.0,0.1645,610.27,0.1758,24250,53,33508,October,0.654762139940261,High Risk
24442,981817,PA,INDIVIDUAL,1 year,Sapa Extrusions,B,MORTGAGE,2021-10-11,16-05-2021,16-05-2021,Current,16-06-2021,1204993,Debt consolidation,B5, 60 months,Verified,52500.0,0.2007,534.93,0.1269,23675,41,29375,October,0.6533094877472923,High Risk
1471,1012582,CA,INDIVIDUAL,9 years,SunnySide Nursing Center,C,RENT,2021-11-11,16-05-2021,16-05-2021,Current,16-06-2021,1239510,car,C4, 60 months,Not Verified,19200.0,0.0713,95.73,0.1527,4000,8,5151,November,0.6531780918366755,High Risk
24537,764093,AZ,INDIVIDUAL,3 years,Good Night Pediatrics,E,MORTGAGE,2021-06-11,16-05-2021,16-05-2021,Current,16-06-2021,964770,Debt consolidation,E2, 60 months,Verified,140000.0,0.1641,525.57,0.1839,25000,33,31005,June,0.6525326357406928,High Risk
38573,875376,CA,INDIVIDUAL,5 years,Anaheim Regional Medical Center,D,RENT,2021-09-11,16-05-2021,16-05-2021,Current,16-06-2021,1089898,wedding,D5, 60 months,Verified,65000.0,0.1734,627.93,0.1749,25000,20,35721,September,0.6518733589439238,High Risk
27849,814523,FL,INDIVIDUAL,5 years,U.S. Office of Personnel Management,E,MORTGAGE,2021-07-11,16-05-2021,16-05-2021,Current,16-06-2021,1022037,home improvement,E5, 60 months,Source Verified,120000.0,0.1011,777.15,0.1969,35000,42,44286,July,0.6515713700434976,High Risk
24580,992222,CO,INDIVIDUAL,3 years,Kremmling,C,OWN,2021-10-11,16-04-2021,16-05-2021,Current,16-06-2021,1216520,Debt consolidation,C1, 60 months,Verified,50000.0,0.1997,575.12,0.1349,25000,12,31007,October,0.6506985445732232,High Risk
24284,826833,CA,INDIVIDUAL,10+ years,Claim Jumper (owned by Landrys Inc.),C,MORTGAGE,2021-07-11,16-05-2021,16-05-2021,Current,16-06-2021,1035741,Debt consolidation,C2, 60 months,Source Verified,68000.0,0.1078,540.62,0.1349,23500,11,30802,July,0.6504782466051747,High Risk
35328,802002,TX,INDIVIDUAL,4 years,Campus advantage,E,MORTGAGE,2021-07-11,16-05-2021,16-05-2021,Current,16-06-2021,1007624,other,E4, 60 months,Not Verified,84996.0,0.1621,261.01,0.1929,10000,10,15118,July,0.6499689375216532,High Risk
35369,831180,OH,INDIVIDUAL,3 years,Ashland,B,RENT,2021-08-11,16-05-2021,16-05-2021,Current,16-06-2021,1040389,other,B4, 60 months,Source Verified,50004.0,0.0946,54.97,0.1149,2500,22,3113,August,0.6497654696761314,High Risk
6490,1037889,CA,INDIVIDUAL,3 years,Cedars Sinai,E,RENT,2021-12-11,16-05-2021,16-05-2021,Current,16-06-2021,1267785,credit card,E1, 60 months,Verified,140000.0,0.12,901.01,0.1864,35000,20,47728,December,0.649661221706971,High Risk
24209,909492,AZ,INDIVIDUAL,8 years,WL Gore & Associates,C,MORTGAGE,2021-12-11,16-05-2021,16-05-2021,Current,16-06-2021,1130043,Debt consolidation,C5, 60 months,Not Verified,90000.0,0.1435,364.46,0.1596,15000,17,19285,December,0.6490361776556273,High Risk
24391,869981,NC,INDIVIDUAL,1 year,reed lallier,D,MORTGAGE,2021-09-11,16-05-2021,16-05-2021,Current,16-06-2021,1083884,Debt consolidation,D2, 60 months,Source Verified,80000.0,0.1074,305.74,0.1599,15000,12,16769,September,0.6489173595538952,High Risk
24553,1003229,KY,INDIVIDUAL,10+ years,Roto-Rooter Services Company,E,MORTGAGE,2021-11-11,16-05-2021,16-05-2021,Current,16-06-2021,1229586,Debt consolidation,E4, 60 months,Verified,135000.0,0.2021,925.54,0.1991,35000,31,49955,November,0.648788369953026,High Risk
24503,1048064,MT,INDIVIDUAL,< 1 year,Drumlummand Gold Corp,C,MORTGAGE,2021-12-11,16-05-2021,16-05-2021,Current,16-06-2021,1279202,Debt consolidation,C2, 60 months,Verified,65000.0,0.238,819.3,0.1427,35000,32,43427,December,0.6480095507345509,High Risk
35408,1006607,NY,INDIVIDUAL,10+ years,ING US Financial,B,RENT,2021-11-11,16-05-2021,16-05-2021,Current,16-06-2021,1233025,other,B5, 60 months,Verified,64590.0,0.1804,284.7,0.1269,12600,13,15322,November,0.6477318682197772,High Risk
6763,1063602,PA,INDIVIDUAL,< 1 year,Akzo Nobel,B,MORTGAGE,2021-12-11,16-05-2021,16-05-2021,Current,16-06-2021,1296158,Debt consolidation,B3, 60 months,Verified,36000.0,0.278,355.79,0.1171,16100,33,18850,December,0.6467670812259894,High Risk
31040,1002556,GA,INDIVIDUAL,10+ years,U.S. Drug Enforcement Administration,E,RENT,2021-11-11,16-05-2021,16-05-2021,Current,16-06-2021,1228828,medical,E2, 60 months,Verified,140000.0,0.0832,311.49,0.1903,12000,42,16756,November,0.646380482449712,High Risk
27893,775127,NC,INDIVIDUAL,< 1 year,Amerigroup Corporation,F,OWN,2021-06-11,16-05-2021,16-05-2021,Current,16-06-2021,977361,home improvement,F2, 60 months,Verified,105000.0,0.004,179.83,0.2062,6700,11,10605,June,0.6459962703232993,High Risk
24239,1036828,FL,INDIVIDUAL,4 years,Hope Hospice,C,RENT,2021-12-11,16-05-2021,16-05-2021,Current,16-06-2021,1266509,Debt consolidation,C1, 60 months,Not Verified,45000.0,0.1659,294.47,0.1349,12800,14,16487,December,0.6459403659491023,High Risk
28258,1012796,MI,INDIVIDUAL,3 years,Brilliance Audio,B,MORTGAGE,2021-11-11,16-05-2021,16-05-2021,Current,16-06-2021,1239954,house,B3, 60 months,Verified,35000.0,0.1515,386.72,0.1171,17500,17,20865,November,0.645934550434818,High Risk
6437,848840,MD,INDIVIDUAL,6 years,Regal Bank & Trust,C,RENT,2021-09-11,16-05-2021,16-05-2021,Current,16-06-2021,1060506,credit card,C3, 60 months,Source Verified,48000.0,0.195,324.52,0.1399,16000,14,18149,September,0.6453095836349334,High Risk
24199,990626,MD,INDIVIDUAL,3 years,American University,B,MORTGAGE,2021-10-11,16-04-2021,16-05-2021,Current,16-06-2021,1214607,Debt consolidation,B5, 60 months,Not Verified,44500.0,0.1124,338.93,0.1269,15000,46,18249,October,0.6448504981321944,High Risk
35366,998313,NY,INDIVIDUAL,10+ years,"CITIBANK, N.A.",A,RENT,2021-11-11,16-05-2021,16-05-2021,Current,16-06-2021,1223452,other,A5, 60 months,Source Verified,35000.0,0.169,269.23,0.089,13000,23,14490,November,0.6441946800061432,High Risk
24211,1020047,PA,INDIVIDUAL,8 years,J. Ambrogi Food Distribution,C,MORTGAGE,2021-11-11,16-05-2021,16-04-2021,Current,16-05-2021,1248804,Debt consolidation,C4, 60 months,Not Verified,50000.0,0.2314,344.62,0.1527,14400,21,18199,November,0.6439762768715801,High Risk
6450,888266,FL,INDIVIDUAL,10+ years,verizon communications,B,MORTGAGE,2021-10-11,16-05-2021,16-05-2021,Current,16-06-2021,1014430,credit card,B5, 60 months,Verified,60000.0,0.2655,489.27,0.1199,22000,28,26887,October,0.6438921326817573,High Risk
27880,788059,NY,INDIVIDUAL,10+ years,Connetquot Central School District,E,MORTGAGE,2021-07-11,16-04-2021,16-05-2021,Current,16-06-2021,991688,home improvement,E5, 60 months,Verified,90000.0,0.0655,519.86,0.1969,19750,40,30137,July,0.6436000500562122,High Risk
37246,1002518,NY,INDIVIDUAL,4 years,"Shake n Go Fashion, Inc",B,OWN,2021-11-11,16-04-2021,16-05-2021,Current,16-06-2021,1228786,small business,B2, 60 months,Source Verified,90000.0,0.0216,431.37,0.1065,20000,13,23209,November,0.6432640693329785,High Risk
38572,970377,NY,INDIVIDUAL,8 years,Swat Fame,C,RENT,2021-10-11,16-04-2021,16-05-2021,Current,16-06-2021,1192039,wedding,C1, 60 months,Verified,50000.0,0.0458,579.72,0.1349,25200,18,31870,October,0.6431040161781817,High Risk
38570,841271,CT,INDIVIDUAL,1 year,Travelers,D,MORTGAGE,2021-08-11,16-04-2021,16-05-2021,Current,16-06-2021,1051805,wedding,D2, 60 months,Source Verified,56000.0,0.12,291.76,0.1599,12000,18,16587,August,0.6431038356555813,High Risk
24339,825319,OH,INDIVIDUAL,3 years,MJM Industries,B,RENT,2021-07-11,16-05-2021,16-05-2021,Current,16-06-2021,1034095,Debt consolidation,B5, 60 months,Source Verified,36000.0,0.215,266.88,0.1199,12000,17,15197,July,0.642956640837384,High Risk
24252,787285,PA,INDIVIDUAL,10+ years,Weis Markets,C,RENT,2021-06-11,16-05-2021,16-05-2021,Current,16-06-2021,990809,Debt consolidation,C3, 60 months,Not Verified,48000.0,0.2352,361.75,0.1399,15550,29,20968,June,0.6427798593265744,High Risk
35354,876343,NC,INDIVIDUAL,10+ years,US Army,D,MORTGAGE,2021-09-11,16-05-2021,16-05-2021,Current,16-06-2021,1090906,other,D5, 60 months,Source Verified,154800.0,0.1083,251.17,0.1749,10000,33,14023,September,0.642770920317933,High Risk
6421,757402,LA,INDIVIDUAL,2 years,Dubuis Hospital,C,RENT,2021-06-11,16-05-2021,16-05-2021,Current,16-06-2021,957437,credit card,C5, 60 months,Not Verified,60000.0,0.1996,191.29,0.1523,8000,39,11242,June,0.6427400646312785,High Risk
37284,1016476,PA,INDIVIDUAL,7 years,"Complete HealthCare Resources, Inc.",C,RENT,2021-11-11,16-05-2021,16-05-2021,Current,16-06-2021,1244184,small business,C2, 60 months,Verified,95000.0,0.0389,580.53,0.1427,24800,5,31294,November,0.6425560425757234,High Risk
6691,1064862,NJ,INDIVIDUAL,8 years,emeroson animal hospital,C,RENT,2021-12-11,16-05-2021,16-05-2021,Current,16-06-2021,1298709,Debt consolidation,C4, 60 months,Not Verified,65000.0,0.1684,406.85,0.1527,17000,16,21555,December,0.6408553183362627,High Risk
24409,968717,VA,INDIVIDUAL,10+ years,US NAVY,B,MORTGAGE,2021-10-11,16-05-2021,16-05-2021,Current,16-06-2021,1189707,Debt consolidation,B4, 60 months,Verified,60960.48,0.2136,786.01,0.1242,35000,37,42471,October,0.6408401998205813,High Risk
37267,870119,TX,INDIVIDUAL,10+ years,US Military,B,MORTGAGE,2021-09-11,16-05-2021,16-05-2021,Current,16-06-2021,1084009,small business,B5, 60 months,Verified,93600.0,0.1326,510.96,0.1199,35000,32,28588,September,0.6397700338684578,High Risk
35327,1021832,MA,INDIVIDUAL,10+ years,Sovereign Bank,E,MORTGAGE,2021-11-11,16-04-2021,16-05-2021,Current,16-06-2021,1250595,other,E2, 60 months,Not Verified,150000.0,0.045,194.68,0.1903,7500,19,10290,November,0.6396681751985782,High Risk
24325,837048,VA,INDIVIDUAL,5 years,Mea Alofa Autism Support Center,F,MORTGAGE,2021-08-11,16-04-2021,16-05-2021,Current,16-06-2021,1047150,Debt consolidation,F1, 60 months,Source Verified,150000.0,0.1046,799.0,0.2025,30000,39,45517,August,0.639374064411617,High Risk
1472,825167,AL,INDIVIDUAL,10+ years,army fleet support,D,RENT,2021-07-11,16-05-2021,16-05-2021,Current,16-06-2021,1033930,car,D3, 60 months,Not Verified,96000.0,0.1553,245.8,0.1649,10000,17,13994,July,0.6386928544590326,High Risk
24201,1035141,MO,INDIVIDUAL,5 years,KQTV,B,MORTGAGE,2021-12-11,16-05-2021,16-05-2021,Current,16-06-2021,1264957,Debt consolidation,B4, 60 months,Not Verified,42000.0,0.2383,376.16,0.1242,16750,26,19924,December,0.6385408986240284,High Risk
24605,1052357,WA,INDIVIDUAL,9 years,"Walmart Stores, Inc.",B,RENT,2021-12-11,16-05-2021,16-05-2021,Current,16-06-2021,1284114,Debt consolidation,B3, 60 months,Verified,35000.0,0.1896,441.97,0.1171,20000,11,23404,December,0.6383310882105989,High Risk
24283,1015464,MD,INDIVIDUAL,10+ years,FRANKEL &CHESAPEAKE CADILLAC,C,MORTGAGE,2021-11-11,16-05-2021,16-05-2021,Current,16-06-2021,1243123,Debt consolidation,C1, 60 months,Source Verified,63000.0,0.2366,276.06,0.1349,12000,21,14883,November,0.6383130317233112,High Risk
24596,986814,TX,INDIVIDUAL,10+ years,Riverchase Animal Hospital,B,RENT,2021-10-11,16-05-2021,16-04-2021,Current,16-05-2021,1210794,Debt consolidation,B4, 60 months,Verified,50400.0,0.1988,673.72,0.1242,30000,22,36359,October,0.6382957926729155,High Risk
35349,1006779,CA,INDIVIDUAL,< 1 year,anova architects,B,MORTGAGE,2021-12-11,16-05-2021,16-05-2021,Current,16-06-2021,1233131,other,B2, 60 months,Source Verified,68004.0,0.2313,323.53,0.1065,15000,40,17111,December,0.6382082596036199,High Risk
24639,970144,HI,INDIVIDUAL,3 years,Pearl Harbor Naval Shipyard,D,RENT,2021-10-11,16-05-2021,16-05-2021,Current,16-06-2021,1191809,Debt consolidation,D3, 60 months,Verified,98850.0,0.0991,362.48,0.1727,14500,27,20421,October,0.638031029822452,High Risk
30347,876308,KY,INDIVIDUAL,10+ years,LEWISBURG BANKING COMPANY,B,OWN,2021-09-11,16-05-2021,16-04-2021,Current,16-05-2021,1090954,major purchase,B2, 60 months,Not Verified,30996.0,0.2218,150.98,0.1065,7000,31,8277,September,0.6378460112466099,High Risk
24404,1044543,CA,INDIVIDUAL,10+ years,Imperial County Office of Education,B,MORTGAGE,2021-12-11,16-05-2021,16-05-2021,Current,16-06-2021,1274898,Debt consolidation,B3, 60 months,Verified,63996.0,0.2376,270.71,0.1171,12250,30,14323,December,0.6371155246583968,High Risk
24338,1019046,CA,INDIVIDUAL,3 years,Quiznos,B,RENT,2021-11-11,16-05-2021,16-05-2021,Current,16-06-2021,1247727,Debt consolidation,B4, 60 months,Source Verified,38400.0,0.0494,139.24,0.1242,6200,11,7510,November,0.6370211105694125,High Risk
24246,785849,NH,INDIVIDUAL,7 years,Shaker road Child Care Center,C,RENT,2021-06-11,15-01-2021,16-05-2021,Current,16-06-2021,989194,Debt consolidation,C1, 60 months,Not Verified,42500.0,0.1386,268.43,0.1299,15000,23,15556,June,0.6367423018870899,High Risk
24479,774287,PA,INDIVIDUAL,10+ years,Gesu School,C,MORTGAGE,2021-07-11,16-05-2021,16-05-2021,Current,16-06-2021,976450,Debt consolidation,C5, 60 months,Verified,73000.0,0.1088,561.91,0.1523,23500,23,32470,July,0.6366427347475582,High Risk
31042,863251,CA,INDIVIDUAL,8 years,Infor,D,MORTGAGE,2021-09-11,16-05-2021,16-05-2021,Current,16-06-2021,1076373,medical,D3, 60 months,Verified,150000.0,0.1682,428.91,0.1649,18000,28,23974,September,0.6363120122002326,High Risk
6418,851790,CA,INDIVIDUAL,5 years,Kaiser permanente,C,RENT,2021-08-11,16-05-2021,16-05-2021,Current,16-06-2021,1063756,credit card,C1, 60 months,Not Verified,43000.0,0.1931,313.93,0.1299,13800,10,17527,August,0.6360281240319915,High Risk
24233,760850,FL,INDIVIDUAL,10+ years,WDW,B,RENT,2021-05-11,16-04-2021,16-05-2021,Current,16-06-2021,961172,Debt consolidation,B3, 60 months,Not Verified,22800.0,0.1716,173.9,0.1099,8000,19,10242,May,0.635978375857261,High Risk
30355,879277,OK,INDIVIDUAL,10+ years,Central States Orthopedics,C,MORTGAGE,2021-09-11,16-05-2021,16-05-2021,Current,16-06-2021,1094142,major purchase,C1, 60 months,Source Verified,60000.0,0.1092,391.08,0.1349,17000,39,21856,September,0.6357052407341557,High Risk
24621,972774,IL,INDIVIDUAL,1 year,Research In Motion,C,RENT,2021-10-11,16-05-2021,16-05-2021,Current,16-06-2021,1194748,Debt consolidation,C4, 60 months,Verified,86000.0,0.1005,502.57,0.1527,21000,15,27593,October,0.6356997876785478,High Risk
24340,980336,CA,INDIVIDUAL,5 years,Clean Tahoe Program,B,RENT,2021-11-11,16-05-2021,16-05-2021,Current,16-06-2021,1204121,Debt consolidation,B2, 60 months,Source Verified,40000.0,0.2238,431.37,0.1065,20000,7,23244,November,0.6351648946596838,High Risk
24313,967160,MD,INDIVIDUAL,10+ years,AT&T,E,MORTGAGE,2021-10-11,16-05-2021,16-05-2021,Current,16-06-2021,1188078,Debt consolidation,E2, 60 months,Source Verified,165000.0,0.1336,706.04,0.1903,27200,29,38775,October,0.6348994967092206,High Risk
24601,782414,CA,INDIVIDUAL,2 years,Duncan McIntosh Co.,B,RENT,2021-06-11,16-05-2021,16-05-2021,Current,16-06-2021,985401,Debt consolidation,B5, 60 months,Verified,55000.0,0.2291,539.31,0.1199,24250,10,31259,June,0.634134392224772,High Risk
24300,987383,UT,INDIVIDUAL,3 years,Alpha Omega Hospice,C,MORTGAGE,2021-10-11,16-05-2021,16-04-2021,Current,16-05-2021,1211353,Debt consolidation,C2, 60 months,Source Verified,47400.0,0.119,386.24,0.1427,16500,21,20815,October,0.6336991166478994,High Risk
27843,1042083,GA,INDIVIDUAL,10+ years,Da,E,MORTGAGE,2021-12-11,16-05-2021,16-05-2021,Current,16-06-2021,1272357,home improvement,E3, 60 months,Source Verified,180000.0,0.1031,471.1,0.1942,18000,34,24956,December,0.6336700677367268,High Risk
6422,895586,TX,INDIVIDUAL,10+ years,Rayco Electric Inc,C,RENT,2021-10-11,16-05-2021,16-05-2021,Current,16-06-2021,1116137,credit card,C5, 60 months,Not Verified,48000.0,0.146,388.75,0.1596,16000,32,21353,October,0.6333819476525471,High Risk
37269,1016250,NJ,INDIVIDUAL,10+ years,Inserra Supermarkets,C,MORTGAGE,2021-11-11,16-05-2021,16-05-2021,Current,16-06-2021,1243952,small business,C2, 60 months,Verified,102000.0,0.0846,468.17,0.1427,20000,29,25229,November,0.6328170178317253,High Risk
1485,754868,KY,INDIVIDUAL,2 years,Georgetown College,B,RENT,2021-05-11,16-05-2021,16-05-2021,Current,16-06-2021,954624,car,B5, 60 months,Source Verified,44400.0,0.2995,177.92,0.1199,8000,33,10476,May,0.6327998488210459,High Risk
24278,848107,CT,INDIVIDUAL,5 years,CSC,B,MORTGAGE,2021-08-11,16-04-2021,16-05-2021,Current,16-06-2021,1059678,Debt consolidation,B4, 60 months,Source Verified,42000.0,0.1483,351.81,0.1149,16000,16,19998,August,0.6327734486281201,High Risk
24377,831655,WA,INDIVIDUAL,7 years,Boeing,E,RENT,2021-08-11,16-05-2021,16-05-2021,Current,16-06-2021,1040903,Debt consolidation,E2, 60 months,Source Verified,79010.0,0.0879,204.85,0.1839,8000,27,11675,August,0.6326876046072021,High Risk
1463,915455,MD,INDIVIDUAL,2 years,Embassy of Italy,D,MORTGAGE,2021-10-11,16-04-2021,16-05-2021,Current,16-06-2021,1136006,car,D3, 60 months,Not Verified,90000.0,0.1683,299.98,0.1727,12000,12,16156,October,0.6321585420512961,High Risk
24675,976194,MA,INDIVIDUAL,6 years,Fidelity Investments,E,RENT,2021-10-11,16-05-2021,16-05-2021,Current,16-06-2021,1198941,Debt consolidation,E3, 60 months,Verified,103000.0,0.1057,314.07,0.1942,12000,22,17264,October,0.6320691434899169,High Risk
24385,842916,OH,INDIVIDUAL,9 years,OstermanCron,C,MORTGAGE,2021-08-11,16-05-2021,16-05-2021,Current,16-06-2021,1053620,Debt consolidation,C1, 60 months,Source Verified,45000.0,0.2459,73.94,0.1299,3250,25,4126,August,0.6316287086014308,High Risk
24248,878393,NH,INDIVIDUAL,10+ years,Southern NH Med Center,C,RENT,2021-09-11,16-05-2021,16-05-2021,Current,16-06-2021,1093170,Debt consolidation,C1, 60 months,Not Verified,52000.0,0.2395,341.22,0.1299,15000,36,19061,September,0.6313854543357895,High Risk
35323,821051,CA,INDIVIDUAL,8 years,Daphneys Law firm,B,MORTGAGE,2021-07-11,16-05-2021,16-05-2021,Current,16-06-2021,1029309,other,B5, 60 months,Not Verified,75000.0,0.1178,155.68,0.1199,7000,23,8859,July,0.6311953705324733,High Risk
24422,986466,CO,INDIVIDUAL,3 years,colorado natural meats,B,MORTGAGE,2021-11-11,16-05-2021,16-05-2021,Current,16-06-2021,1210438,Debt consolidation,B3, 60 months,Verified,50000.0,0.2281,233.69,0.1171,10575,24,12603,November,0.6309624925528162,High Risk
38562,871886,NY,INDIVIDUAL,4 years,Bellport Middle School,E,MORTGAGE,2021-09-11,16-04-2021,16-05-2021,Current,16-06-2021,1085991,wedding,E2, 60 months,Source Verified,60000.0,0.066,184.37,0.1839,7200,25,10323,September,0.6306763094261993,High Risk
6419,1045590,CO,INDIVIDUAL,7 years,Connell Resources Inc,C,RENT,2021-12-11,16-05-2021,16-05-2021,Current,16-06-2021,1276014,credit card,C2, 60 months,Not Verified,47000.0,0.1261,309.0,0.1427,13200,8,16343,December,0.6302973784243777,High Risk
24349,1016307,NJ,INDIVIDUAL,5 years,Hill Wallack,C,RENT,2021-11-11,16-05-2021,16-05-2021,Current,16-06-2021,1244012,Debt consolidation,C2, 60 months,Source Verified,53100.0,0.2285,280.91,0.1427,12000,24,14852,November,0.6298440096351876,High Risk
30365,717267,FL,INDIVIDUAL,7 years,Topline Screen Printing,B,MORTGAGE,2021-05-11,16-05-2021,16-05-2021,Current,16-06-2021,911333,major purchase,B2, 60 months,Verified,38004.0,0.1601,280.01,0.1059,13000,25,16440,May,0.6295865649707632,High Risk
24481,891918,CA,INDIVIDUAL,7 years,eastern municipal water district,C,MORTGAGE,2021-09-11,16-05-2021,16-05-2021,Current,16-06-2021,1108780,Debt consolidation,C1, 60 months,Verified,57500.0,0.111,368.08,0.1349,16000,13,20216,September,0.629551853031704,High Risk
24299,807138,WV,INDIVIDUAL,10+ years,American Electric Power,C,MORTGAGE,2021-07-11,16-05-2021,16-05-2021,Current,16-06-2021,1013658,Debt consolidation,C5, 60 months,Source Verified,76000.0,0.1415,444.15,0.1523,24000,42,25711,July,0.6294986914557581,High Risk
24637,836494,CA,INDIVIDUAL,5 years,"California State University, Northridge",D,RENT,2021-09-11,16-05-2021,16-05-2021,Current,16-06-2021,1046542,Debt consolidation,D2, 60 months,Verified,139500.0,0.1675,437.63,0.1599,18000,29,24451,September,0.6293787043771188,High Risk
35361,972382,NJ,INDIVIDUAL,10+ years,Jersey City BOE,E,MORTGAGE,2021-10-11,16-05-2021,16-05-2021,Current,16-06-2021,1194335,other,E1, 60 months,Source Verified,107004.0,0.0547,146.74,0.1864,5700,33,8067,October,0.629086825409503,High Risk
6436,868171,CA,INDIVIDUAL,< 1 year,Vigilucci's Cucina Italiana Restaurant,C,RENT,2021-09-11,16-04-2021,16-05-2021,Current,16-06-2021,1067582,credit card,C1, 60 months,Source Verified,48000.0,0.1663,274.12,0.1299,16000,14,15301,September,0.6290295682657538,High Risk
24287,822168,IL,INDIVIDUAL,< 1 year,Chicago Transit Authority,C,MORTGAGE,2021-07-11,16-05-2021,16-05-2021,Current,16-06-2021,1030585,Debt consolidation,C1, 60 months,Source Verified,55000.0,0.1911,363.97,0.1299,16000,17,20719,July,0.6283796532091109,High Risk
38559,767009,NY,INDIVIDUAL,10+ years,Sheltering Arms FDC,C,RENT,2021-05-11,16-04-2021,16-05-2021,Current,16-06-2021,968043,wedding,C1, 60 months,Not Verified,30000.0,0.2228,257.63,0.1299,11325,20,15170,May,0.6278101774484136,High Risk
24320,1024670,MA,INDIVIDUAL,10+ years,Siemens,E,MORTGAGE,2021-11-11,16-04-2021,16-05-2021,Current,16-06-2021,1253783,Debt consolidation,E4, 60 months,Source Verified,173156.0,0.0965,793.32,0.1991,30000,37,42039,November,0.6277104007273681,High Risk
24654,836704,DC,INDIVIDUAL,10+ years,Holy Cross Hospital,D,RENT,2021-08-11,16-04-2021,16-05-2021,Current,16-06-2021,1046776,Debt consolidation,D2, 60 months,Verified,125000.0,0.1518,607.82,0.1599,25000,39,34568,August,0.6273757063041562,High Risk
24451,892029,NM,INDIVIDUAL,5 years,Best Buy,B,MORTGAGE,2021-10-11,16-05-2021,16-05-2021,Current,16-06-2021,1108899,Debt consolidation,B4, 60 months,Verified,42996.0,0.1142,75.24,0.1242,3350,19,4322,October,0.627308048514887,High Risk
24310,965935,CA,INDIVIDUAL,4 years,Jpmorgan chase,D,MORTGAGE,2021-09-11,16-05-2021,16-05-2021,Current,16-06-2021,1186784,Debt consolidation,D3, 60 months,Source Verified,95000.0,0.0536,65.0,0.1727,2600,14,3570,September,0.6271285710833034,High Risk
6460,869297,GA,INDIVIDUAL,6 years,"The Ginn Group, Inc",D,MORTGAGE,2021-09-11,16-05-2021,16-05-2021,Current,16-06-2021,1083147,credit card,D4, 60 months,Verified,114000.0,0.1793,554.76,0.1689,35000,47,30962,September,0.6268615494838187,High Risk
28254,990008,FL,INDIVIDUAL,6 years,Florida Power and Light,C,MORTGAGE,2021-10-11,16-05-2021,16-05-2021,Current,16-06-2021,1213968,house,C5, 60 months,Source Verified,70000.0,0.0689,340.16,0.1596,14000,32,18310,October,0.6262439100945417,High Risk
24234,819525,NC,INDIVIDUAL,10+ years,Cargo Transporters,B,RENT,2021-08-11,16-05-2021,16-05-2021,Current,16-06-2021,1027649,Debt consolidation,B3, 60 months,Not Verified,29000.0,0.1076,347.8,0.1099,16000,21,19808,August,0.6261593671790399,High Risk
37656,1057474,OH,INDIVIDUAL,9 years,Hayes Intermediate School,D,MORTGAGE,2021-12-11,16-05-2021,16-05-2021,Current,16-06-2021,1289036,wedding,D2, 60 months,Not Verified,50000.0,0.1913,321.48,0.1677,13000,22,17018,December,0.6256770715571044,High Risk
24614,988058,MA,INDIVIDUAL,6 years,American Profit Recovery,C,RENT,2021-10-11,16-04-2021,16-05-2021,Current,16-06-2021,1212269,Debt consolidation,C2, 60 months,Verified,80000.0,0.1743,702.26,0.1427,30000,23,37895,October,0.625325699347257,High Risk
24535,844013,PA,INDIVIDUAL,10+ years,,E,MORTGAGE,2021-08-11,16-05-2021,16-05-2021,Current,16-06-2021,1053766,Debt consolidation,E3, 60 months,Verified,151000.0,0.0482,878.06,0.1879,34000,10,50008,August,0.6246434847743783,High Risk
1479,825763,NJ,INDIVIDUAL,< 1 year,JCJ Architecture,D,MORTGAGE,2021-07-11,16-04-2021,16-05-2021,Current,16-06-2021,1034584,car,D2, 60 months,Source Verified,72500.0,0.2402,145.88,0.1599,6000,29,8302,July,0.6243094528822072,High Risk
24518,855254,CA,INDIVIDUAL,10+ years,UNITED STATES MARSHALS SERVICE,D,MORTGAGE,2021-08-11,16-05-2021,16-05-2021,Current,16-06-2021,1067566,Debt consolidation,D2, 60 months,Verified,135000.0,0.1297,510.57,0.1599,21000,27,28552,August,0.6241704971998411,High Risk
27835,867871,LA,INDIVIDUAL,5 years,Christus St.Francis Cabrini Hospital,C,MORTGAGE,2021-10-11,16-05-2021,16-05-2021,Current,16-06-2021,1081504,home improvement,C3, 60 months,Source Verified,72000.0,0.2298,495.74,0.1465,21000,27,26768,October,0.623681772802939,High Risk
24638,1003613,CA,INDIVIDUAL,< 1 year,SLAC National Accelerator Labratory,D,RENT,2021-11-11,16-05-2021,16-05-2021,Current,16-06-2021,1230006,Debt consolidation,D2, 60 months,Verified,88000.0,0.0566,370.94,0.1677,15000,23,19979,November,0.6234592451685328,High Risk
24447,1041887,AK,INDIVIDUAL,10+ years,VA,B,MORTGAGE,2021-12-11,16-05-2021,16-05-2021,Current,16-06-2021,1272130,Debt consolidation,B5, 60 months,Verified,80000.0,0.2983,519.68,0.1269,23000,54,27538,December,0.6233806024248547,High Risk
24369,1033775,NY,INDIVIDUAL,5 years,mount sinai hospital,D,RENT,2021-12-11,16-05-2021,16-05-2021,Current,16-06-2021,1263353,Debt consolidation,D3, 60 months,Source Verified,103000.0,0.1053,179.99,0.1727,7200,21,9516,December,0.6230775777168681,High Risk
24504,984541,KS,INDIVIDUAL,4 years,Wichita State University,C,MORTGAGE,2021-10-11,16-05-2021,16-05-2021,Current,16-06-2021,1208155,Debt consolidation,C1, 60 months,Verified,69200.0,0.2504,499.78,0.1349,21725,36,26946,October,0.6229585091830644,High Risk
24641,1037608,NY,INDIVIDUAL,10+ years,WINDY GATES,D,RENT,2021-12-11,16-04-2021,16-05-2021,Current,16-06-2021,1267308,Debt consolidation,D2, 60 months,Verified,110000.0,0.055,494.59,0.1677,20000,16,26149,December,0.6229561259193669,High Risk
24501,786035,WY,INDIVIDUAL,10+ years,Union Pacific Railroad,C,MORTGAGE,2021-07-11,16-05-2021,16-05-2021,Current,16-06-2021,989395,Debt consolidation,C5, 60 months,Verified,84000.0,0.2437,597.78,0.1523,25000,27,34603,July,0.6229423009190708,High Risk
28253,1054165,OH,INDIVIDUAL,1 year,"Hoffman's ACE Hardware (Norton, OH)",B,RENT,2021-12-11,16-05-2021,16-05-2021,Current,16-06-2021,1285789,house,B2, 60 months,Not Verified,31200.0,0.0346,279.31,0.1065,12950,28,14764,December,0.622740030698705,High Risk
27818,761890,IL,INDIVIDUAL,10+ years,Continental Tire North America,C,MORTGAGE,2021-05-11,16-05-2021,16-05-2021,Current,16-06-2021,962373,home improvement,C1, 60 months,Not Verified,65000.0,0.0367,109.2,0.1299,4800,17,6415,May,0.6221835449496549,High Risk
24194,786563,GA,INDIVIDUAL,8 years,Cryolife Inc.,B,MORTGAGE,2021-07-11,16-05-2021,16-05-2021,Current,16-06-2021,989965,Debt consolidation,B4, 60 months,Not Verified,48000.0,0.2152,268.25,0.1149,12200,12,15510,July,0.6221666213429661,High Risk
35357,1007441,CA,INDIVIDUAL,4 years,Devry University,D,MORTGAGE,2021-11-11,16-05-2021,16-05-2021,Current,16-06-2021,1233840,other,D3, 60 months,Source Verified,180000.0,0.1284,399.97,0.1727,16000,42,21552,November,0.6215303042269616,High Risk
6989,1058101,NY,INDIVIDUAL,4 years,MTA,D,MORTGAGE,2021-12-11,16-05-2021,16-05-2021,Current,16-06-2021,1289677,Debt consolidation,D2, 60 months,Verified,90000.0,0.0392,123.65,0.1677,5000,16,6551,December,0.6213242277928915,High Risk
35539,1060865,OR,INDIVIDUAL,10+ years,Daimler Trucks North America,E,MORTGAGE,2021-12-11,16-05-2021,16-05-2021,Current,16-06-2021,1292832,small business,E2, 60 months,Verified,140000.0,0.0429,572.36,0.1903,35000,39,29801,December,0.6206499047052482,High Risk
35325,837588,VA,INDIVIDUAL,10+ years,General Excavation Inc.,C,MORTGAGE,2021-08-11,16-05-2021,16-05-2021,Current,16-06-2021,1047625,other,C2, 60 months,Not Verified,80000.0,0.2532,276.06,0.1349,12000,32,15714,August,0.6206246888297264,High Risk
27872,788495,NY,INDIVIDUAL,10+ years,Southold town Highway Dept.,C,MORTGAGE,2021-06-11,16-04-2021,16-05-2021,Current,16-06-2021,992223,home improvement,C5, 60 months,Verified,66000.0,0.1053,413.66,0.1523,25000,21,23954,June,0.6205709283002534,High Risk
6610,1066664,NJ,INDIVIDUAL,10+ years,New Jersey Institute Of Technology (NJIT,D,MORTGAGE,2021-12-11,16-04-2021,16-05-2021,Current,16-06-2021,1300858,Debt consolidation,D3, 60 months,Verified,109000.0,0.0775,294.98,0.1727,21000,16,15297,December,0.6200363484986451,High Risk
24471,986885,CA,INDIVIDUAL,9 years,CPC Logistics,C,MORTGAGE,2021-10-11,16-05-2021,16-04-2021,Current,16-05-2021,1210873,Debt consolidation,C2, 60 months,Verified,67000.0,0.1927,134.6,0.1427,5750,14,7256,October,0.6194163574113092,High Risk
24251,702171,CA,INDIVIDUAL,4 years,Rancho Federal Credit Union,C,RENT,2021-03-11,16-05-2021,16-05-2021,Current,16-06-2021,894029,Debt consolidation,C2, 60 months,Not Verified,44137.0,0.0574,205.06,0.1306,9000,20,12179,March,0.6194016915576498,High Risk
6762,1063626,MD,INDIVIDUAL,10+ years,The Community College of Baltimore Count,C,MORTGAGE,2021-12-11,16-05-2021,16-05-2021,Current,16-06-2021,1296185,Debt consolidation,C2, 60 months,Verified,85000.0,0.1341,467.0,0.1427,25000,31,24722,December,0.6186725942688451,High Risk
24314,993542,CA,INDIVIDUAL,10+ years,,E,MORTGAGE,2021-11-11,16-05-2021,16-05-2021,Current,16-06-2021,1218328,Debt consolidation,E2, 60 months,Source Verified,150000.0,0.1518,778.72,0.1903,30000,45,42000,November,0.6186266604089371,High Risk
24212,1028222,WI,INDIVIDUAL,1 year,Sheboygan County,D,MORTGAGE,2021-11-11,16-05-2021,16-05-2021,Current,16-06-2021,1257817,Debt consolidation,D2, 60 months,Not Verified,108000.0,0.1839,346.21,0.1677,14000,33,18308,November,0.6179233831685624,High Risk
24225,762867,FL,INDIVIDUAL,8 years,Appleton Museum of Art,B,OWN,2021-05-11,16-05-2021,16-05-2021,Current,16-06-2021,963431,Debt consolidation,B3, 60 months,Not Verified,27148.0,0.2329,304.33,0.1099,14000,16,17938,May,0.617818963023987,High Risk
30343,828995,MA,INDIVIDUAL,1 year,"Jarvis Surgical, Inc.",C,MORTGAGE,2021-07-11,16-04-2021,16-05-2021,Current,16-06-2021,1038075,major purchase,C1, 60 months,Not Verified,62604.0,0.1779,63.7,0.1299,2800,17,3616,July,0.6172518221666119,High Risk
1480,762547,NJ,INDIVIDUAL,< 1 year,Utiliquest,B,OWN,2021-05-11,16-05-2021,16-05-2021,Current,16-06-2021,963079,car,B5, 60 months,Source Verified,25200.0,0.2476,133.44,0.1199,6000,7,7848,May,0.6166705596398493,High Risk
27884,971781,NC,INDIVIDUAL,9 years,Edward Jones,E,MORTGAGE,2021-10-11,16-05-2021,16-05-2021,Current,16-06-2021,1193531,home improvement,E5, 60 months,Verified,127000.0,0.137,447.91,0.203,16800,15,24601,October,0.6166659362066719,High Risk
30342,969499,CA,INDIVIDUAL,10+ years,CSAA,B,MORTGAGE,2021-09-11,16-05-2021,16-05-2021,Current,16-06-2021,1190916,major purchase,B5, 60 months,Not Verified,66996.0,0.1481,90.38,0.1269,4000,16,4960,September,0.6165733870561774,High Risk
27864,847795,IL,INDIVIDUAL,10+ years,griffith laboratories,B,MORTGAGE,2021-08-11,16-05-2021,16-05-2021,Current,16-06-2021,1059339,home improvement,B5, 60 months,Verified,48000.0,0.027,555.99,0.1199,25000,25,31642,August,0.6162665266010445,High Risk
27896,891745,NY,INDIVIDUAL,5 years,visiting nursing service of new york,E,RENT,2021-09-11,16-05-2021,16-05-2021,Current,16-06-2021,1108595,home improvement,E4, 60 months,Verified,123000.0,0.0769,412.53,0.1991,15600,11,22697,September,0.6156362169333829,High Risk
24541,854441,TX,INDIVIDUAL,9 years,Baylor University,E,MORTGAGE,2021-09-11,16-05-2021,16-05-2021,Current,16-06-2021,1066688,Debt consolidation,E1, 60 months,Verified,105000.0,0.1904,761.64,0.1799,30000,54,42596,September,0.6155716848471817,High Risk
35407,800631,NY,INDIVIDUAL,10+ years,FedEx Corporation,B,RENT,2021-07-11,16-04-2021,16-05-2021,Current,16-06-2021,1006143,other,B3, 60 months,Verified,69996.0,0.241,347.8,0.1099,16000,26,20125,July,0.6154398147581087,High Risk
24418,1015928,FL,INDIVIDUAL,2 years,Lafayette State Bank,B,MORTGAGE,2021-11-11,16-05-2021,16-05-2021,Current,16-06-2021,1243622,Debt consolidation,B4, 60 months,Verified,61200.0,0.2243,786.01,0.1242,35000,19,42428,November,0.6141319631148007,High Risk
24516,769142,CA,INDIVIDUAL,< 1 year,Best Buy,D,MORTGAGE,2021-06-11,15-05-2021,16-05-2021,Current,16-06-2021,970571,Debt consolidation,D2, 60 months,Verified,96188.0,0.1622,269.27,0.1599,11075,28,15866,June,0.6137276284073493,High Risk
6726,1057239,WA,INDIVIDUAL,8 years,"Skanska USA Civil West, Inc",E,RENT,2021-12-11,16-05-2021,16-05-2021,Current,16-06-2021,1288798,Debt consolidation,E3, 60 months,Verified,195000.0,0.1172,916.03,0.1942,35000,27,54427,December,0.6136612307764101,High Risk
6434,1056000,PA,INDIVIDUAL,3 years,US Dept of Commerce - NIST,E,MORTGAGE,2021-12-11,16-05-2021,16-05-2021,Current,16-06-2021,1287570,credit card,E3, 60 months,Source Verified,116500.0,0.0884,523.45,0.1942,20000,35,27313,December,0.6135902470092844,High Risk
30345,823812,MI,INDIVIDUAL,9 years,Ajax TOCCO Magnethermic,D,MORTGAGE,2021-08-11,16-05-2021,16-05-2021,Current,16-06-2021,1032403,major purchase,D2, 60 months,Not Verified,95000.0,0.1472,291.76,0.1599,12000,15,16570,August,0.6132459979863739,High Risk
6439,1055653,NY,INDIVIDUAL,2 years,jpc builder,D,RENT,2021-12-11,16-05-2021,16-05-2021,Current,16-06-2021,1287217,credit card,D2, 60 months,Source Verified,108000.0,0.135,494.59,0.1677,20000,18,26196,December,0.6126284339429722,High Risk
24406,1038103,PA,INDIVIDUAL,10+ years,Comcast,B,MORTGAGE,2021-12-11,16-05-2021,16-05-2021,Current,16-06-2021,1268016,Debt consolidation,B4, 60 months,Verified,62400.0,0.1831,696.18,0.1242,31000,14,36884,December,0.6123312116729484,High Risk
35321,1041285,FL,INDIVIDUAL,5 years,Carnival Cruise Lines,B,MORTGAGE,2021-11-11,16-05-2021,16-05-2021,Current,16-06-2021,1271519,other,B3, 60 months,Not Verified,84000.0,0.0781,110.5,0.1171,5000,17,5847,November,0.612085286658796,High Risk
1466,1044826,AZ,INDIVIDUAL,1 year,Autozone,B,OWN,2021-11-11,16-05-2021,16-05-2021,Current,16-06-2021,1275196,car,B5, 60 months,Not Verified,33840.0,0.1482,56.49,0.1269,2500,11,2987,November,0.6118819120479626,High Risk
35387,837805,NJ,INDIVIDUAL,5 years,Thomas Jefferson University Hospital,C,MORTGAGE,2021-08-11,16-05-2021,16-05-2021,Current,16-06-2021,1047858,other,C1, 60 months,Verified,159996.0,0.1945,170.61,0.1299,7500,33,9675,August,0.6113024836860809,High Risk
24296,1000794,NY,INDIVIDUAL,< 1 year,Jacob  Medinger  and  Finnegan LLP,C,MORTGAGE,2021-11-11,16-05-2021,16-05-2021,Current,16-06-2021,1226548,Debt consolidation,C2, 60 months,Source Verified,62000.0,0.2415,220.04,0.1427,9400,24,11855,November,0.6103083885908294,High Risk
35333,827723,NY,INDIVIDUAL,2 years,College racquet club,B,RENT,2021-08-11,16-04-2021,16-05-2021,Current,16-06-2021,1036700,other,B3, 60 months,Not Verified,45000.0,0.2155,260.85,0.1099,12000,11,14859,August,0.6098393855164113,High Risk
27870,763527,OK,INDIVIDUAL,4 years,Lexus Of Tulsa,C,MORTGAGE,2021-05-11,16-05-2021,16-05-2021,Current,16-06-2021,964154,home improvement,C3, 60 months,Verified,42000.0,0.0189,279.16,0.1399,12000,16,16455,May,0.609395090257564,High Risk
1560,1065145,CT,INDIVIDUAL,1 year,Latique handbag,C,MORTGAGE,2021-12-11,16-04-2021,16-05-2021,Current,16-06-2021,1299228,credit card,C4, 60 months,Verified,84000.0,0.1141,430.78,0.1527,18000,23,22354,December,0.6089485566798161,High Risk
24204,880641,OH,INDIVIDUAL,10+ years,TOAST.net Internet SVC,C,MORTGAGE,2021-09-11,16-05-2021,16-05-2021,Current,16-06-2021,1095683,Debt consolidation,C1, 60 months,Not Verified,90000.0,0.1288,448.6,0.1349,19500,44,24644,September,0.6089081785059651,High Risk
6479,971981,PA,INDIVIDUAL,< 1 year,Synchronoss,C,RENT,2021-11-11,16-05-2021,16-05-2021,Current,16-06-2021,1193724,credit card,C2, 60 months,Verified,75000.0,0.1986,655.44,0.1427,28000,48,35337,November,0.6088778806062496,High Risk
31036,891393,AZ,INDIVIDUAL,10+ years,Federal Government NLRB Agency,D,MORTGAGE,2021-09-11,16-05-2021,16-05-2021,Current,16-06-2021,1108264,medical,D4, 60 months,Verified,112000.0,0.1455,377.49,0.1758,15000,9,20722,September,0.6084739050027058,High Risk
24446,763180,NV,INDIVIDUAL,10+ years,Wells Fargo,B,MORTGAGE,2021-05-11,16-05-2021,16-05-2021,Current,16-06-2021,963732,Debt consolidation,B4, 60 months,Verified,67480.0,0.2269,219.88,0.1149,10000,34,12931,May,0.6078705769482218,High Risk
24612,1022962,VA,INDIVIDUAL,4 years,Holy Cross Regional Catholic School,C,RENT,2021-11-11,16-05-2021,16-05-2021,Current,16-06-2021,1251754,Debt consolidation,C2, 60 months,Verified,73000.0,0.2114,538.4,0.1427,23000,24,28500,November,0.6075983025541606,High Risk
35318,972715,SD,INDIVIDUAL,10+ years,Delta Dental of SD,B,MORTGAGE,2021-10-11,16-05-2021,16-05-2021,Current,16-06-2021,1088780,other,B3, 60 months,Not Verified,43992.0,0.1083,220.99,0.1171,10000,17,12148,October,0.6062568023964715,High Risk
24302,1032417,NC,INDIVIDUAL,1 year,WAKE FOREST BAPTIST HEALTH,D,MORTGAGE,2021-12-11,16-05-2021,16-05-2021,Current,16-06-2021,1261854,Debt consolidation,D5, 60 months,Source Verified,157000.0,0.1084,714.83,0.1825,28000,39,37860,December,0.6051959250714307,High Risk
24238,844151,NY,INDIVIDUAL,3 years,AKRF,C,RENT,2021-08-11,16-05-2021,16-05-2021,Current,16-06-2021,1055050,Debt consolidation,C2, 60 months,Not Verified,52000.0,0.0676,368.08,0.1349,16000,29,20972,August,0.6051675331524757,High Risk
37264,733695,NJ,INDIVIDUAL,5 years,CB RICHARD ELLIS,B,MORTGAGE,2021-04-11,16-05-2021,16-05-2021,Current,16-06-2021,930086,small business,B4, 60 months,Verified,100000.0,0.0443,414.97,0.1074,19200,10,24894,April,0.6050546576056753,High Risk
24618,1029309,WA,INDIVIDUAL,2 years,"Harborview Medical Center, Seattle, WA",C,RENT,2021-11-11,16-05-2021,16-05-2021,Current,16-06-2021,1258670,Debt consolidation,C5, 60 months,Verified,80856.0,0.1192,485.94,0.1596,20000,10,25679,November,0.6049411681516365,High Risk
6451,1047388,AZ,INDIVIDUAL,4 years,State of Arizona,B,MORTGAGE,2021-12-11,16-04-2021,16-05-2021,Current,16-06-2021,1278267,credit card,B4, 60 months,Verified,55000.0,0.2012,449.15,0.1242,20000,34,23339,December,0.6038809663818685,High Risk
35519,816541,TX,INDIVIDUAL,6 years,Goodman Networks,B,MORTGAGE,2021-07-11,16-05-2021,16-05-2021,Current,16-06-2021,1024289,renewable_energy,B4, 60 months,Verified,109000.0,0.0799,593.67,0.1149,27000,34,33788,July,0.6038257745819243,High Risk
24600,865845,CA,INDIVIDUAL,2 years,San Luis Bay Motors Kia,B,RENT,2021-09-11,16-05-2021,16-05-2021,Current,16-06-2021,1079238,Debt consolidation,B4, 60 months,Verified,60000.0,0.2534,219.88,0.1149,10000,7,12233,September,0.6030849044218866,High Risk
24415,858269,OR,INDIVIDUAL,10+ years,multnomah Athletic Club,B,MORTGAGE,2021-09-11,16-05-2021,16-05-2021,Current,16-06-2021,1070833,Debt consolidation,B5, 60 months,Verified,55000.0,0.2062,294.68,0.1199,13250,26,16468,September,0.602554212096729,High Risk
1648,1061721,PA,INDIVIDUAL,2 years,Giant Eagle,D,RENT,2021-12-11,16-05-2021,16-05-2021,Current,16-06-2021,1293749,credit card,D5, 60 months,Verified,110000.0,0.1355,536.13,0.1825,21000,23,28388,December,0.602369503092221,High Risk
6433,1009907,MN,INDIVIDUAL,9 years,IBM,E,MORTGAGE,2021-12-11,16-05-2021,16-05-2021,Current,16-06-2021,1236680,credit card,E1, 60 months,Source Verified,132000.0,0.1129,463.38,0.1864,18000,31,24541,December,0.6023433179030288,High Risk
24472,861528,CO,INDIVIDUAL,< 1 year,Bross Group,C,MORTGAGE,2021-09-11,16-05-2021,16-05-2021,Current,16-06-2021,1074430,Debt consolidation,C1, 60 months,Verified,62400.0,0.1381,480.56,0.1299,21125,15,26863,September,0.6023305092118608,High Risk
27815,815288,CA,INDIVIDUAL,4 years,State of California,B,MORTGAGE,2021-07-11,16-05-2021,16-05-2021,Current,16-06-2021,1022897,home improvement,B4, 60 months,Not Verified,42000.0,0.0883,261.11,0.1149,11875,21,15055,July,0.6012611346492146,High Risk
24436,871941,FL,INDIVIDUAL,7 years,Mastec Advanced Technologies,B,MORTGAGE,2021-09-11,16-05-2021,16-05-2021,Current,16-06-2021,1086105,Debt consolidation,B5, 60 months,Verified,57000.0,0.1855,444.79,0.1199,20000,11,24886,September,0.6010266932022869,High Risk
24494,891512,HI,INDIVIDUAL,10+ years,Hawaii Electric Light Company  Inc.,C,MORTGAGE,2021-10-11,16-05-2021,16-05-2021,Current,16-06-2021,1108252,Debt consolidation,C5, 60 months,Verified,114000.0,0.1429,437.35,0.1596,18000,34,23541,October,0.6009221283254172,High Risk
24602,985475,AZ,INDIVIDUAL,3 years,Zurich North America,B,RENT,2021-10-11,16-05-2021,16-05-2021,Current,16-06-2021,1209141,Debt consolidation,B4, 60 months,Verified,70000.0,0.2319,363.81,0.1242,16200,24,20000,October,0.6009159158163051,High Risk
28255,1009474,CA,INDIVIDUAL,7 years,Epiphany Management Consulting,D,MORTGAGE,2021-11-11,16-05-2021,16-05-2021,Current,16-06-2021,1236212,house,D5, 60 months,Source Verified,156000.0,0.0585,638.25,0.1825,25000,23,34704,November,0.5998997795611897,Medium Risk
24398,889729,NC,INDIVIDUAL,10+ years,fedex,B,MORTGAGE,2021-09-11,16-05-2021,16-05-2021,Current,16-06-2021,1076523,Debt consolidation,B3, 60 months,Verified,55000.0,0.2079,760.82,0.1099,35000,16,41819,September,0.5998670616388146,Medium Risk
6412,1040965,WA,INDIVIDUAL,9 years,Puget Sound Naval Shipyard,D,MORTGAGE,2021-12-11,16-05-2021,16-05-2021,Current,16-06-2021,1270958,credit card,D4, 60 months,Not Verified,80000.0,0.1533,332.19,0.1758,13200,16,17561,December,0.5990141124237127,Medium Risk
6833,1061581,FL,INDIVIDUAL,5 years,Sarasota Memorial Hospital,C,MORTGAGE,2021-12-11,16-05-2021,16-05-2021,Current,16-06-2021,1293591,Debt consolidation,C2, 60 months,Source Verified,89000.0,0.1077,585.22,0.1427,25000,22,31001,December,0.5982906692348238,Medium Risk
1700,1059274,OK,INDIVIDUAL,4 years,DCP Midstream,C,MORTGAGE,2021-12-11,16-05-2021,16-05-2021,Current,16-06-2021,1290878,credit card,C3, 60 months,Verified,70000.0,0.2011,495.74,0.1465,21000,24,26283,December,0.5982741204165571,Medium Risk
24355,777639,NY,INDIVIDUAL,5 years,Euromoney Institutional Investor,C,RENT,2021-06-11,16-04-2021,16-05-2021,Current,16-06-2021,980158,Debt consolidation,C3, 60 months,Source Verified,90000.0,0.0697,465.27,0.1399,20000,38,27428,June,0.598224662755273,Medium Risk
24344,856907,OH,INDIVIDUAL,7 years,Cumberland Development,B,RENT,2021-08-11,16-05-2021,16-05-2021,Current,16-06-2021,1069314,Debt consolidation,B5, 60 months,Source Verified,46800.0,0.0403,444.79,0.1199,20000,12,24880,August,0.598063418676475,Medium Risk
24249,1048930,MO,INDIVIDUAL,2 years,Beyond Housing,C,RENT,2021-12-11,16-05-2021,16-05-2021,Current,16-06-2021,1280316,Debt consolidation,C1, 60 months,Not Verified,48500.0,0.2551,230.05,0.1349,10000,22,12174,December,0.5976325635503226,Medium Risk
6430,706472,MD,INDIVIDUAL,2 years,Northrop Grumman Corporation,D,MORTGAGE,2021-08-11,16-05-2021,16-05-2021,Current,16-06-2021,898685,credit card,D3, 60 months,Source Verified,120421.9,0.1884,344.11,0.1649,14000,22,19238,August,0.5973581640175013,Medium Risk
24341,809996,NY,INDIVIDUAL,7 years,Viacom/MTV Networks,B,RENT,2021-07-11,16-04-2021,16-05-2021,Current,16-06-2021,1016877,Debt consolidation,B5, 60 months,Source Verified,56000.0,0.1468,360.84,0.1199,18575,33,20896,July,0.5970257577351318,Medium Risk
24272,790741,FL,INDIVIDUAL,10+ years,Volusia County Schools,B,MORTGAGE,2021-06-11,16-05-2021,16-05-2021,Current,16-06-2021,994946,Debt consolidation,B3, 60 months,Source Verified,46608.0,0.2737,371.72,0.1099,17100,27,21543,June,0.5969991879890836,Medium Risk
27867,781137,CT,INDIVIDUAL,9 years,Hamilton Sundstrand,C,MORTGAGE,2021-06-11,16-04-2021,16-05-2021,Current,16-06-2021,983966,home improvement,C2, 60 months,Verified,68004.0,0.1874,358.3,0.1349,24000,43,20755,June,0.5969815147155421,Medium Risk
24371,940996,OK,INDIVIDUAL,10+ years,OG&E Enogex,D,RENT,2021-10-11,16-05-2021,16-05-2021,Current,16-06-2021,1161747,Debt consolidation,D5, 60 months,Source Verified,140000.0,0.1855,408.48,0.1825,16000,63,22433,October,0.5969722216761297,Medium Risk
24690,876159,IL,INDIVIDUAL,5 years,Errand Solutions,B,MORTGAGE,2021-09-11,16-05-2021,16-05-2021,Current,16-06-2021,1082410,Debt consolidation,B5, 60 months,Verified,52000.0,0.0813,400.31,0.1199,18000,14,22393,September,0.5964053521488994,Medium Risk
31034,840738,CA,INDIVIDUAL,10+ years,San Joaquin County,C,OWN,2021-08-11,16-05-2021,16-05-2021,Current,16-06-2021,1051166,medical,C2, 60 months,Source Verified,139000.0,0.0614,276.06,0.1349,12000,19,15727,August,0.5960682697380129,Medium Risk
24589,1053539,CA,INDIVIDUAL,3 years,24 Hour Fitness,A,RENT,2021-12-11,16-05-2021,16-05-2021,Current,16-06-2021,1285340,Debt consolidation,A5, 60 months,Verified,26400.0,0.2727,279.07,0.089,13475,22,14760,December,0.5947969201420493,Medium Risk
24548,811564,GA,INDIVIDUAL,8 years,Wood Group,E,MORTGAGE,2021-07-11,16-04-2021,16-05-2021,Current,16-06-2021,1018612,Debt consolidation,E4, 60 months,Verified,650000.0,0.0647,652.51,0.1929,25000,42,37809,July,0.5946024744271601,Medium Risk
24634,1038434,PA,INDIVIDUAL,3 years,McCormick and Priore  PC,D,RENT,2021-12-11,16-05-2021,16-05-2021,Current,16-06-2021,1268354,Debt consolidation,D4, 60 months,Verified,125004.0,0.0514,603.98,0.1758,24000,26,31944,December,0.5944985805298906,Medium Risk
35350,1002878,GA,INDIVIDUAL,< 1 year,General Dynamics,B,MORTGAGE,2021-11-11,16-05-2021,16-05-2021,Current,16-06-2021,1229160,other,B4, 60 months,Source Verified,98300.0,0.1946,287.46,0.1242,12800,44,15506,November,0.5944603086683656,Medium Risk
24357,787553,MA,INDIVIDUAL,10+ years,barnstable police dept,C,RENT,2021-06-11,16-04-2021,16-05-2021,Current,16-06-2021,991106,Debt consolidation,C2, 60 months,Source Verified,90000.0,0.1368,345.08,0.1349,15000,34,19979,June,0.5942482955469842,Medium Risk
35380,864440,NV,INDIVIDUAL,5 years,united healthcare group,B,MORTGAGE,2021-09-11,16-05-2021,16-05-2021,Current,16-06-2021,1077716,other,B4, 60 months,Verified,71516.0,0.0502,495.28,0.1149,35000,27,27691,September,0.593729745065781,Medium Risk
24445,880757,CA,INDIVIDUAL,10+ years,Sacramento County Office of Education,B,MORTGAGE,2021-11-11,16-05-2021,16-05-2021,Current,16-06-2021,1095801,Debt consolidation,B4, 60 months,Verified,68000.0,0.1924,561.44,0.1242,25000,21,30291,November,0.59368197040043,Medium Risk
27868,799585,FL,INDIVIDUAL,10+ years,Catalyst Rx,C,MORTGAGE,2021-07-11,16-05-2021,16-05-2021,Current,16-06-2021,1004790,home improvement,C1, 60 months,Verified,85000.0,0.0967,796.18,0.1299,35000,39,46066,July,0.5934817091524786,Medium Risk
6839,1061317,RI,INDIVIDUAL,7 years,East Side Clinical Lab,B,RENT,2021-12-11,16-04-2021,16-05-2021,Current,16-06-2021,1293331,Debt consolidation,B5, 60 months,Not Verified,30000.0,0.1044,271.14,0.1269,12000,11,14083,December,0.5931361542364417,Medium Risk
27842,759505,MD,INDIVIDUAL,< 1 year,Structure Tone,D,MORTGAGE,2021-05-11,16-05-2021,16-05-2021,Current,16-06-2021,959753,home improvement,D2, 60 months,Source Verified,83000.0,0.0742,175.06,0.1599,7200,27,10298,May,0.5931028511165601,Medium Risk
24286,875856,VA,INDIVIDUAL,10+ years,"TeleMed, Inc",C,MORTGAGE,2021-10-11,16-05-2021,16-05-2021,Current,16-06-2021,1090480,Debt consolidation,C2, 60 months,Source Verified,65000.0,0.1571,294.95,0.1427,12600,34,15897,October,0.5925476436701929,Medium Risk
1493,1033003,OH,INDIVIDUAL,< 1 year,DCM Data Systems,D,MORTGAGE,2021-12-11,16-05-2021,16-05-2021,Current,16-06-2021,1262556,car,D4, 60 months,Verified,100000.0,0.1001,352.32,0.1758,14000,12,18637,December,0.5924477278127518,Medium Risk
24401,872282,OH,INDIVIDUAL,10+ years,Armor Metal,B,MORTGAGE,2021-09-11,16-05-2021,16-05-2021,Current,16-06-2021,1086471,Debt consolidation,B3, 60 months,Verified,60000.0,0.2422,302.2,0.1171,13675,27,16606,September,0.5922298302312462,Medium Risk
24226,795696,TX,INDIVIDUAL,10+ years,Hudson Apartments,B,OWN,2021-06-11,16-05-2021,16-05-2021,Current,16-06-2021,1000453,Debt consolidation,B4, 60 months,Not Verified,35000.0,0.1738,263.86,0.1149,12000,35,15278,June,0.591926849833845,Medium Risk
27876,778150,KS,INDIVIDUAL,3 years,FedEx Freight,C,MORTGAGE,2021-06-11,16-05-2021,16-05-2021,Current,16-06-2021,980693,home improvement,C4, 60 months,Verified,85000.0,0.2029,473.6,0.1479,20000,37,27915,June,0.5917774157630737,Medium Risk
24245,825982,NC,INDIVIDUAL,4 years,East Coast Drilling  and  Blasting,C,RENT,2021-07-11,16-05-2021,16-05-2021,Current,16-06-2021,1034821,Debt consolidation,C1, 60 months,Not Verified,45000.0,0.1272,113.74,0.1299,5000,53,6455,July,0.5914894348119596,Medium Risk
24298,965640,CA,INDIVIDUAL,< 1 year,Radnet,C,MORTGAGE,2021-10-11,16-05-2021,16-05-2021,Current,16-06-2021,1186274,Debt consolidation,C3, 60 months,Source Verified,81996.0,0.1013,283.28,0.1465,12000,22,15580,October,0.5904145694052053,Medium Risk
38574,972997,NY,INDIVIDUAL,5 years,Brooklyn Radiology,D,RENT,2021-10-11,16-05-2021,16-05-2021,Current,16-06-2021,1194971,wedding,D5, 60 months,Verified,368000.0,0.0009,612.72,0.1825,24000,9,33677,October,0.5902589060673905,Medium Risk
27838,825061,MA,INDIVIDUAL,10+ years,LASPAU/Harvard University,D,MORTGAGE,2021-07-11,16-05-2021,16-05-2021,Current,16-06-2021,1033821,home improvement,D2, 60 months,Source Verified,115000.0,0.1317,291.76,0.1599,12000,24,16605,July,0.5901089866034073,Medium Risk
27898,773278,CT,INDIVIDUAL,10+ years,Gibbs & Soell Inc,F,MORTGAGE,2021-06-11,16-04-2021,16-05-2021,Current,16-06-2021,975304,home improvement,F1, 60 months,Verified,160000.0,0.05,479.4,0.2025,18000,27,28247,June,0.5895603538919337,Medium Risk
6442,754352,TX,INDIVIDUAL,< 1 year,Pike Energy Solutions,E,RENT,2021-05-11,16-04-2021,16-05-2021,Current,16-06-2021,954067,credit card,E1, 60 months,Source Verified,179004.0,0.1241,492.53,0.1799,19400,22,29028,May,0.5895295057918831,Medium Risk
27832,1055921,NY,INDIVIDUAL,4 years,Japond Restaurant LLC,C,MORTGAGE,2021-12-11,13-03-2021,16-05-2021,Current,16-06-2021,1287497,home improvement,C1, 60 months,Source Verified,60000.0,0.1134,483.1,0.1349,21000,21,25591,December,0.5883012989130914,Medium Risk
24617,1041857,SC,INDIVIDUAL,10+ years,Duke Energy (Oconee Nuclear Station),C,RENT,2021-12-11,16-05-2021,16-05-2021,Current,16-06-2021,1271894,Debt consolidation,C4, 60 months,Verified,110000.0,0.1863,478.64,0.1527,20000,31,25284,December,0.5877240074839664,Medium Risk
24595,771531,CT,INDIVIDUAL,10+ years,Bolton Veterinary Hospital,B,RENT,2021-06-11,16-05-2021,16-05-2021,Current,16-06-2021,973313,Debt consolidation,B3, 60 months,Verified,55000.0,0.2191,521.7,0.1099,24000,11,30734,June,0.5875853173676104,Medium Risk
28260,1038518,IL,INDIVIDUAL,10+ years,,B,MORTGAGE,2021-12-11,16-05-2021,16-05-2021,Current,16-06-2021,1268441,house,B3, 60 months,Verified,60000.0,0.1338,552.46,0.1171,25000,26,29297,December,0.587263436538144,Medium Risk
27888,996048,VA,INDIVIDUAL,10+ years,Loudoun Water,F,MORTGAGE,2021-11-11,16-05-2021,16-05-2021,Current,16-06-2021,1220653,home improvement,F1, 60 months,Verified,174996.0,0.0994,809.75,0.2089,30000,22,43706,November,0.5869594599408573,Medium Risk
24294,1033927,NJ,INDIVIDUAL,4 years,chase bank,C,MORTGAGE,2021-12-11,16-05-2021,16-05-2021,Current,16-06-2021,1263512,Debt consolidation,C5, 60 months,Source Verified,85000.0,0.0827,315.86,0.1596,13000,34,18311,December,0.5866586411769839,Medium Risk
35322,840686,AZ,INDIVIDUAL,6 years,Johnson Controls,B,MORTGAGE,2021-08-11,16-05-2021,16-05-2021,Current,16-06-2021,1051100,other,B2, 60 months,Not Verified,82500.0,0.1226,258.47,0.1059,12000,31,14417,August,0.5865589888720861,Medium Risk
30368,808531,AR,INDIVIDUAL,5 years,RoofConnect,C,MORTGAGE,2021-07-11,16-05-2021,16-05-2021,Current,16-06-2021,1015266,major purchase,C1, 60 months,Verified,75600.0,0.2187,568.7,0.1299,25000,47,32914,July,0.586277198048277,Medium Risk
24591,889802,CT,INDIVIDUAL,10+ years,United HealthCare,B,RENT,2021-10-11,16-04-2021,16-04-2021,Current,16-05-2021,1106418,Debt consolidation,B2, 60 months,Verified,52446.0,0.1899,502.01,0.1065,23275,26,27044,October,0.5861196522212228,Medium Risk
24405,1007997,TX,INDIVIDUAL,10+ years,Windham School District,B,MORTGAGE,2021-11-11,16-05-2021,16-05-2021,Current,16-06-2021,1234453,Debt consolidation,B3, 60 months,Verified,57000.0,0.2825,391.7,0.1171,17725,41,21115,November,0.5855486076109856,Medium Risk
24200,825876,HI,INDIVIDUAL,9 years,BearCom,B,MORTGAGE,2021-08-11,16-05-2021,16-05-2021,Current,16-06-2021,1034708,Debt consolidation,B5, 60 months,Not Verified,58000.0,0.1291,323.59,0.1199,14550,18,18093,August,0.5846208358821022,Medium Risk
30356,766808,CO,INDIVIDUAL,1 year,pantusos,A,RENT,2021-06-11,16-05-2021,16-05-2021,Current,16-06-2021,967834,major purchase,A5, 60 months,Source Verified,28800.0,0.0192,102.56,0.0849,5000,16,6037,June,0.5837128540755284,Medium Risk
6486,837367,NY,INDIVIDUAL,3 years,Christian Dior,D,RENT,2021-10-11,16-05-2021,16-05-2021,Current,16-06-2021,523086,credit card,D3, 60 months,Verified,150000.0,0.1313,399.97,0.1727,16000,14,21958,October,0.5836948035425502,Medium Risk
24425,982009,MA,INDIVIDUAL,4 years,LEK CONSULTING,B,MORTGAGE,2021-10-11,16-04-2021,16-05-2021,Current,16-06-2021,1205195,Debt consolidation,B3, 60 months,Verified,56000.0,0.2038,311.04,0.1171,14075,20,17095,October,0.5836502997502612,Medium Risk
24705,816399,TX,INDIVIDUAL,10+ years,Covenant Health Systems,C,MORTGAGE,2021-07-11,16-05-2021,16-05-2021,Current,16-06-2021,1024129,Debt consolidation,C1, 60 months,Verified,69390.0,0.1994,363.97,0.1299,16000,27,20650,July,0.583160047196601,Medium Risk
27821,756173,VA,INDIVIDUAL,10+ years,"ocean ships,inc.",E,MORTGAGE,2021-05-11,16-05-2021,16-05-2021,Current,16-06-2021,956087,home improvement,E4, 60 months,Not Verified,168000.0,0.0195,313.21,0.1929,12000,14,18512,May,0.5829940801379291,Medium Risk
24507,859988,CT,INDIVIDUAL,10+ years,Swiss Re,D,MORTGAGE,2021-09-11,16-04-2021,16-05-2021,Current,16-06-2021,1072823,Debt consolidation,D3, 60 months,Verified,291996.0,0.0481,499.96,0.1727,20000,19,27448,September,0.5820942170947051,Medium Risk
24701,885976,GA,INDIVIDUAL,5 years,United States Government,C,MORTGAGE,2021-09-11,16-05-2021,16-05-2021,Current,16-06-2021,1101763,Debt consolidation,C2, 60 months,Source Verified,102000.0,0.1821,702.26,0.1427,30000,45,38598,September,0.5819814766643041,Medium Risk
24198,792374,OK,INDIVIDUAL,10+ years,GEMINI INDUSTIRES,B,MORTGAGE,2021-06-11,16-05-2021,16-05-2021,Current,16-06-2021,996790,Debt consolidation,B4, 60 months,Not Verified,44000.0,0.2501,263.86,0.1149,12000,32,15266,June,0.581668155292489,Medium Risk
24280,979834,GA,INDIVIDUAL,10+ years,State Bar of Georgia,B,MORTGAGE,2021-10-11,16-05-2021,16-05-2021,Current,16-06-2021,1202989,Debt consolidation,B4, 60 months,Source Verified,80000.0,0.2199,319.46,0.1242,14225,25,17555,October,0.5816206689187386,Medium Risk
35320,844314,SC,INDIVIDUAL,4 years,BC-BS of South Carolina,B,MORTGAGE,2021-08-11,16-05-2021,16-05-2021,Current,16-06-2021,1055229,other,B2, 60 months,Not Verified,63000.0,0.193,77.54,0.1059,3600,17,4401,August,0.5811807143501845,Medium Risk
1486,850025,PA,INDIVIDUAL,2 years,UNITED WAY,C,RENT,2021-08-11,16-04-2021,16-05-2021,Current,16-06-2021,1061804,car,C1, 60 months,Source Verified,46000.0,0.0383,197.91,0.1299,8700,11,11051,August,0.5811346900834132,Medium Risk
24456,977281,NV,INDIVIDUAL,2 years,"Southwest Technical Solutions, Inc.",B,MORTGAGE,2021-10-11,16-05-2021,16-05-2021,Current,16-06-2021,1200062,Debt consolidation,B5, 60 months,Verified,55000.0,0.0897,289.22,0.1269,12800,18,15898,October,0.5810400492686335,Medium Risk
24554,965286,NY,INDIVIDUAL,6 years,Moody's Investors Service,E,MORTGAGE,2021-12-11,16-04-2021,16-05-2021,Current,16-06-2021,1169304,Debt consolidation,E1, 60 months,Verified,248000.0,0.0617,901.01,0.1864,35000,29,47756,December,0.5809221768048958,Medium Risk
24289,1009343,CA,INDIVIDUAL,10+ years,CSE Insurance Co,C,MORTGAGE,2021-11-11,16-05-2021,16-05-2021,Current,16-06-2021,1236093,Debt consolidation,C1, 60 months,Source Verified,96000.0,0.0467,368.08,0.1349,16000,35,19843,November,0.5808764034611044,Medium Risk
24526,1036314,VA,INDIVIDUAL,10+ years,"SRA International, Inc",D,MORTGAGE,2021-12-11,16-05-2021,16-05-2021,Current,16-06-2021,1266176,Debt consolidation,D4, 60 months,Verified,158000.0,0.2266,663.75,0.1758,26375,36,35144,December,0.5808487974309072,Medium Risk
24477,978406,FL,INDIVIDUAL,10+ years,Eglin AFB Fire Dept.,C,MORTGAGE,2021-10-11,16-05-2021,16-05-2021,Current,16-06-2021,1201243,Debt consolidation,C2, 60 months,Verified,117500.0,0.1123,819.3,0.1427,35000,34,45041,October,0.5807406206348626,Medium Risk
24196,841663,NY,INDIVIDUAL,10+ years,TOWN OF PLATTEKILL,B,MORTGAGE,2021-08-11,16-04-2021,16-05-2021,Current,16-06-2021,1052238,Debt consolidation,B4, 60 months,Not Verified,57500.0,0.0618,395.78,0.1149,18000,23,22536,August,0.5799201828730219,Medium Risk
27887,1054552,GA,INDIVIDUAL,< 1 year,New Process Steel,F,MORTGAGE,2021-12-11,16-04-2021,16-05-2021,Current,16-06-2021,1286391,home improvement,F1, 60 months,Verified,174000.0,0.0532,944.71,0.2089,35000,22,50052,December,0.5791454167438117,Medium Risk
24603,1051548,NJ,INDIVIDUAL,4 years,Gucci America Inc,B,RENT,2021-12-11,16-05-2021,16-05-2021,Current,16-06-2021,1283239,Debt consolidation,B5, 60 months,Verified,71000.0,0.1709,790.82,0.1269,35000,13,41888,December,0.5788197961191329,Medium Risk
27819,846262,NC,INDIVIDUAL,3 years,Centers For Disease Control,C,MORTGAGE,2021-08-11,16-05-2021,16-05-2021,Current,16-06-2021,1057637,home improvement,C2, 60 months,Not Verified,62000.0,0.0927,331.27,0.1349,14400,21,18517,August,0.5786911023609429,Medium Risk
1451,870433,KS,INDIVIDUAL,2 years,Topeka Ear Nose & Throat,B,MORTGAGE,2021-09-11,16-05-2021,16-05-2021,Current,16-06-2021,1084412,car,B2, 60 months,Not Verified,33360.0,0.018,116.31,0.1059,5400,26,6483,September,0.5784588590236432,Medium Risk
24468,772289,AL,INDIVIDUAL,5 years,"Digium, Inc",C,MORTGAGE,2021-06-11,16-05-2021,16-05-2021,Current,16-06-2021,974206,Debt consolidation,C2, 60 months,Verified,70000.0,0.1073,437.09,0.1349,19000,15,25731,June,0.5776669600852878,Medium Risk
24478,845948,KS,INDIVIDUAL,10+ years,US Army,C,MORTGAGE,2021-08-11,16-04-2021,16-05-2021,Current,16-06-2021,1057254,Debt consolidation,C5, 60 months,Verified,107004.0,0.1797,597.78,0.1523,25000,30,33450,August,0.5773164112820885,Medium Risk
30373,863688,MA,INDIVIDUAL,10+ years,Massachusetts General Hospital,C,RENT,2021-09-11,16-04-2021,16-05-2021,Current,16-06-2021,1076779,major purchase,C2, 60 months,Verified,90000.0,0.0305,575.12,0.1349,25000,24,32177,September,0.5770847882130228,Medium Risk
38565,780011,WA,INDIVIDUAL,5 years,bank of america,C,OWN,2021-06-11,16-05-2021,16-05-2021,Current,16-06-2021,982793,wedding,C3, 60 months,Source Verified,49000.0,0.012,521.31,0.1482,22000,16,30719,June,0.5767093055388491,Medium Risk
24356,764198,VA,INDIVIDUAL,1 year,URS,C,RENT,2021-05-11,16-05-2021,16-05-2021,Current,16-06-2021,964886,Debt consolidation,C5, 60 months,Source Verified,90000.0,0.1544,191.29,0.1523,8000,22,11251,May,0.5761032580201378,Medium Risk
24454,1020142,OR,INDIVIDUAL,10+ years,YCOM,B,MORTGAGE,2021-11-11,16-05-2021,16-05-2021,Current,16-06-2021,1248904,Debt consolidation,B4, 60 months,Verified,67000.0,0.1334,561.44,0.1242,25000,26,30294,November,0.5759284551107515,Medium Risk
24244,852040,CT,INDIVIDUAL,8 years,UnitedHealthcare,C,RENT,2021-08-11,16-05-2021,16-05-2021,Current,16-06-2021,1064050,Debt consolidation,C2, 60 months,Not Verified,63500.0,0.1045,322.07,0.1349,14000,23,18006,August,0.575927151701706,Medium Risk
6852,1059906,CA,INDIVIDUAL,10+ years,State of Ca.,B,RENT,2021-12-11,16-05-2021,16-05-2021,Current,16-06-2021,1291742,Debt consolidation,B4, 60 months,Verified,90000.0,0.2633,489.57,0.1242,35000,25,25940,December,0.5756083432036408,Medium Risk
6801,1062508,NY,INDIVIDUAL,3 years,Dune Management,C,RENT,2021-12-11,16-04-2021,16-05-2021,Current,16-06-2021,1294574,Debt consolidation,C3, 60 months,Not Verified,65000.0,0.1444,226.63,0.1465,12000,21,12010,December,0.5753459095647506,Medium Risk
24400,989968,IL,INDIVIDUAL,10+ years,General Cable,B,MORTGAGE,2021-10-11,16-05-2021,16-05-2021,Current,16-06-2021,1213922,Debt consolidation,B3, 60 months,Verified,75000.0,0.1987,773.44,0.1171,35000,32,41731,October,0.5751115720849249,Medium Risk
24458,879200,WI,INDIVIDUAL,10+ years,Assurant Health,B,MORTGAGE,2021-10-11,16-05-2021,16-05-2021,Current,16-06-2021,1094067,Debt consolidation,B5, 60 months,Verified,55000.0,0.2703,344.57,0.1269,15250,26,18937,October,0.5748771618278798,Medium Risk
35348,876780,FL,INDIVIDUAL,9 years,"Black Diamond Process Service, Inc.",B,MORTGAGE,2021-09-11,16-05-2021,16-05-2021,Current,16-06-2021,1091463,other,B2, 60 months,Source Verified,87252.0,0.1682,430.78,0.1059,20000,31,24089,September,0.5746345769173038,Medium Risk
24207,975777,WA,INDIVIDUAL,6 years,department of social and health services,C,MORTGAGE,2021-10-11,16-05-2021,16-05-2021,Current,16-06-2021,1197309,Debt consolidation,C2, 60 months,Not Verified,72000.0,0.2063,280.91,0.1427,12000,25,15445,October,0.5739494088161469,Medium Risk
24469,974186,TX,INDIVIDUAL,5 years,SRF,C,MORTGAGE,2021-10-11,16-05-2021,16-05-2021,Current,16-06-2021,1196228,Debt consolidation,C2, 60 months,Verified,85000.0,0.1348,514.99,0.1427,22000,37,28314,October,0.5739404795446167,Medium Risk
24460,881232,WI,INDIVIDUAL,10+ years,Marinette Marine,B,MORTGAGE,2021-09-11,16-05-2021,16-05-2021,Current,16-06-2021,1096330,Debt consolidation,B4, 60 months,Verified,50000.0,0.0653,561.44,0.1242,25000,15,30865,September,0.5730262897013408,Medium Risk
24597,813141,NJ,INDIVIDUAL,10+ years,Division Of Youth and Family Services,B,RENT,2021-07-11,16-05-2021,16-05-2021,Current,16-06-2021,1020566,Debt consolidation,B4, 60 months,Verified,81096.0,0.1721,378.74,0.1149,17225,28,21540,July,0.5726226345622171,Medium Risk
24623,999666,CA,INDIVIDUAL,5 years,UCLA,C,RENT,2021-11-11,16-05-2021,16-05-2021,Current,16-06-2021,1225055,Debt consolidation,C1, 60 months,Verified,111396.0,0.176,772.96,0.1349,33600,33,42087,November,0.5720119836230376,Medium Risk
24336,860439,CA,INDIVIDUAL,10+ years,USAF,B,RENT,2021-08-11,16-05-2021,16-05-2021,Current,16-06-2021,1073250,Debt consolidation,B5, 60 months,Source Verified,68000.0,0.1297,311.36,0.1199,14000,16,17412,August,0.570884872085598,Medium Risk
24707,1023170,NJ,INDIVIDUAL,2 years,Cablevision,B,RENT,2021-11-11,16-05-2021,16-05-2021,Current,16-06-2021,1251988,Debt consolidation,B3, 60 months,Verified,77000.0,0.1812,713.22,0.1171,32275,16,37788,November,0.570692205231517,Medium Risk
27834,790629,CO,INDIVIDUAL,10+ years,State of Colorado,C,MORTGAGE,2021-07-11,16-05-2021,16-05-2021,Current,16-06-2021,994800,home improvement,C3, 60 months,Source Verified,110000.0,0.2773,418.74,0.1399,18000,26,24274,July,0.5700692780478589,Medium Risk
6420,1009024,NJ,INDIVIDUAL,4 years,SGW,C,RENT,2021-11-11,16-05-2021,16-05-2021,Current,16-06-2021,1235725,credit card,C4, 60 months,Not Verified,48000.0,0.1165,287.19,0.1527,12000,6,15445,November,0.5700306296649179,Medium Risk
1483,1047639,CA,INDIVIDUAL,4 years,Denny's,B,RENT,2021-12-11,16-05-2021,16-05-2021,Current,16-06-2021,1278737,car,B3, 60 months,Source Verified,49200.0,0.0471,140.33,0.1171,6350,10,7424,December,0.5697854505028005,Medium Risk
37240,788089,NY,INDIVIDUAL,< 1 year,EYP architects and engineers,B,MORTGAGE,2021-06-11,16-05-2021,16-05-2021,Current,16-06-2021,991720,small business,B2, 60 months,Source Verified,108000.0,0.0171,258.47,0.1059,12000,26,14947,June,0.5695511475201074,Medium Risk
27823,803014,PA,INDIVIDUAL,5 years,samuel stamping technologies,B,OWN,2021-07-11,16-05-2021,16-05-2021,Current,16-06-2021,1008736,home improvement,B3, 60 months,Not Verified,30000.0,0.168,359.76,0.1099,16550,10,20482,July,0.5688656311478457,Medium Risk
27869,884640,CA,INDIVIDUAL,2 years,solesbee auto crafts,C,MORTGAGE,2021-09-11,16-05-2021,16-05-2021,Current,16-06-2021,1100088,home improvement,C2, 60 months,Verified,74004.0,0.1325,93.64,0.1427,4000,20,5139,September,0.568796811312943,Medium Risk
37242,988571,AZ,INDIVIDUAL,10+ years,American Express Company,D,MORTGAGE,2021-10-11,16-05-2021,16-05-2021,Current,16-06-2021,1212445,small business,D3, 60 months,Source Verified,140000.0,0.2417,624.95,0.1727,25000,54,33713,October,0.568505697429196,Medium Risk
24577,868157,IL,INDIVIDUAL,10+ years,Ameren Illinois,B,OWN,2021-09-11,16-05-2021,16-05-2021,Current,16-06-2021,1081971,Debt consolidation,B4, 60 months,Verified,80000.0,0.1873,439.76,0.1149,20000,21,24507,September,0.5682266709859007,Medium Risk
35391,979677,NV,INDIVIDUAL,10+ years,berkley group,D,MORTGAGE,2021-10-11,16-05-2021,16-05-2021,Current,16-06-2021,1202835,other,D5, 60 months,Verified,360000.0,0.0199,510.6,0.1825,20000,21,28036,October,0.5680450399706983,Medium Risk
6408,974416,OR,INDIVIDUAL,10+ years,regence,C,MORTGAGE,2021-10-11,16-05-2021,16-05-2021,Current,16-06-2021,1196494,credit card,C2, 60 months,Not Verified,82000.0,0.1837,327.72,0.1427,14000,29,18016,October,0.5678906497131299,Medium Risk
24358,1030533,SC,INDIVIDUAL,< 1 year,Myrtle Beach Pelicans Baseball Club,C,RENT,2021-12-11,16-05-2021,16-05-2021,Current,16-06-2021,1260121,Debt consolidation,C1, 60 months,Source Verified,50000.0,0.1061,276.06,0.1349,12000,17,14611,December,0.567801100541757,Medium Risk
6446,975094,LA,INDIVIDUAL,10+ years,City of Shreveport (Fire Dept),B,MORTGAGE,2021-10-11,16-04-2021,16-05-2021,Current,16-06-2021,1197993,credit card,B3, 60 months,Verified,63000.0,0.0804,662.95,0.1171,30000,24,36441,October,0.5676663202643164,Medium Risk
35390,850617,IL,INDIVIDUAL,10+ years,Cook County Public Defender's Office,C,MORTGAGE,2021-08-11,16-05-2021,16-05-2021,Current,16-06-2021,1062458,other,C1, 60 months,Verified,96682.0,0.047,491.36,0.1299,25000,16,27409,August,0.5674648087226284,Medium Risk
24428,814210,NC,INDIVIDUAL,5 years,MDT Personnel,B,MORTGAGE,2021-08-11,16-04-2021,16-05-2021,Current,16-06-2021,1021709,Debt consolidation,B3, 60 months,Verified,45000.0,0.1413,434.75,0.1099,20000,23,24758,August,0.5664220561996399,Medium Risk
27840,984837,OH,INDIVIDUAL,3 years,TransFirst,D,MORTGAGE,2021-10-11,16-05-2021,16-05-2021,Current,16-06-2021,1107578,home improvement,D5, 60 months,Source Verified,240000.0,0.0713,382.95,0.1825,15000,34,20676,October,0.5647973970541271,Medium Risk
38561,777793,MA,INDIVIDUAL,9 years,Component Assembly Systems,E,MORTGAGE,2021-07-11,16-04-2021,16-05-2021,Current,16-06-2021,980319,wedding,E4, 60 months,Source Verified,75000.0,0.1557,391.51,0.1929,15000,18,22284,July,0.5643346080327661,Medium Risk
24416,810631,TX,INDIVIDUAL,10+ years,Raytheon,B,MORTGAGE,2021-07-11,16-05-2021,16-05-2021,Current,16-06-2021,1017570,Debt consolidation,B5, 60 months,Verified,81000.0,0.1512,378.07,0.1199,17000,44,21854,July,0.5639195850231338,Medium Risk
31035,857224,AR,INDIVIDUAL,2 years,University Loft Company,D,MORTGAGE,2021-08-11,16-05-2021,16-05-2021,Current,16-06-2021,1069661,medical,D4, 60 months,Verified,130000.0,0.0505,619.84,0.1689,25000,22,34659,August,0.5638447781717794,Medium Risk
24191,782224,GA,INDIVIDUAL,3 years,King And Spalding LLP,B,MORTGAGE,2021-06-11,16-05-2021,16-05-2021,Current,16-06-2021,985185,Debt consolidation,B2, 60 months,Not Verified,42000.0,0.1329,258.47,0.1059,12000,11,14955,June,0.5634510028609155,Medium Risk
24450,772370,TX,INDIVIDUAL,4 years,Bank of America,B,MORTGAGE,2021-06-11,16-05-2021,16-04-2021,Current,16-05-2021,974295,Debt consolidation,B5, 60 months,Verified,60000.0,0.1798,555.99,0.1199,25000,22,32233,June,0.5629025556748563,Medium Risk
24493,883253,CA,INDIVIDUAL,10+ years,saitech inc,C,MORTGAGE,2021-09-11,16-05-2021,16-05-2021,Current,16-06-2021,1098614,Debt consolidation,C2, 60 months,Verified,108000.0,0.1633,585.22,0.1427,25000,41,32135,September,0.5621745245201337,Medium Risk
24604,819635,NY,INDIVIDUAL,5 years,A and E Networks,B,RENT,2021-08-11,16-05-2021,16-05-2021,Current,16-06-2021,1027774,Debt consolidation,B5, 60 months,Verified,62100.0,0.24,328.04,0.1199,14750,15,18346,August,0.5613169819263858,Medium Risk
24599,859681,MA,INDIVIDUAL,10+ years,Social Security Administration,B,RENT,2021-09-11,16-04-2021,16-05-2021,Current,16-06-2021,1072392,Debt consolidation,B5, 60 months,Verified,74600.0,0.088,444.79,0.1199,20000,14,24860,September,0.5598871712371816,Medium Risk
31033,879556,CA,INDIVIDUAL,2 years,Sailor's Union of the Pacific,B,MORTGAGE,2021-09-11,16-05-2021,16-05-2021,Current,16-06-2021,1094478,medical,B1, 60 months,Not Verified,60000.0,0.0728,318.05,0.0991,15000,29,17810,September,0.5598362061886729,Medium Risk
24228,1036766,PA,INDIVIDUAL,3 years,sams club,C,OWN,2021-12-11,16-05-2021,16-05-2021,Current,16-06-2021,1266444,Debt consolidation,C1, 60 months,Not Verified,52000.0,0.2142,276.06,0.1349,12000,15,14613,December,0.55964609722612,Medium Risk
24419,977063,FL,INDIVIDUAL,3 years,USAA,B,MORTGAGE,2021-10-11,16-04-2021,16-05-2021,Current,16-06-2021,1199852,Debt consolidation,B1, 60 months,Verified,50000.0,0.2851,98.07,0.0991,4625,46,5394,October,0.5593303962416681,Medium Risk
37237,877617,WA,INDIVIDUAL,5 years,Washington State Library,A,MORTGAGE,2021-09-11,16-05-2021,16-05-2021,Current,16-06-2021,1092294,small business,A4, 60 months,Source Verified,40000.0,0.0948,242.75,0.079,12000,21,13836,September,0.5591707795287348,Medium Risk
6415,832080,CA,INDIVIDUAL,10+ years,southern california gas/sempra energy,C,OWN,2021-08-11,16-03-2021,16-05-2021,Current,16-06-2021,1041418,credit card,C5, 60 months,Not Verified,65000.0,0.0947,334.76,0.1523,14000,49,19052,August,0.5591489275279883,Medium Risk
28269,1067874,CO,INDIVIDUAL,< 1 year,Anadarko Petroleum Corporation,B,RENT,2021-12-11,16-05-2021,16-05-2021,Current,16-06-2021,1302235,major purchase,B5, 60 months,Source Verified,81000.0,0.1366,135.57,0.1269,6000,17,7037,December,0.5589548930225233,Medium Risk
1462,984397,NJ,INDIVIDUAL,2 years,medtech group,C,MORTGAGE,2021-10-11,16-05-2021,16-05-2021,Current,16-06-2021,1207994,car,C2, 60 months,Not Verified,88000.0,0.1274,234.09,0.1427,10000,21,12865,October,0.5583573947255188,Medium Risk
6456,1036964,AL,INDIVIDUAL,2 years,"Black Warrior Mineralsl, Inc.",C,MORTGAGE,2021-12-11,16-05-2021,16-05-2021,Current,16-06-2021,1266641,credit card,C1, 60 months,Verified,75000.0,0.0946,506.11,0.1349,22000,16,26794,December,0.5583367606062835,Medium Risk
24581,1030384,VA,INDIVIDUAL,4 years,commercial express-hvac,C,OWN,2021-11-11,16-05-2021,16-05-2021,Current,16-06-2021,1259770,Debt consolidation,C1, 60 months,Verified,75000.0,0.2523,460.1,0.1349,20000,20,24358,November,0.5576690002371671,Medium Risk
6416,801429,MD,INDIVIDUAL,10+ years,Overlea Health & Rehabilitation Center,B,RENT,2021-07-11,16-05-2021,16-04-2021,Current,16-05-2021,1007003,credit card,B5, 60 months,Not Verified,47000.0,0.1302,266.88,0.1199,12000,11,15173,July,0.5575649800941492,Medium Risk
6475,751870,CA,INDIVIDUAL,10+ years,Celtic Leasing Corporation,D,OWN,2021-05-11,16-05-2021,16-05-2021,Current,16-06-2021,916248,credit card,D2, 60 months,Verified,250000.0,0.0665,332.4,0.1491,14000,38,19585,May,0.5573745645254679,Medium Risk
1481,883381,TX,INDIVIDUAL,10+ years,"Othon, Inc",C,OWN,2021-09-11,16-05-2021,16-05-2021,Current,16-06-2021,1098645,car,C3, 60 months,Source Verified,110000.0,0.0435,389.51,0.1465,16500,9,21420,September,0.5573720797730759,Medium Risk
30354,834630,FL,INDIVIDUAL,10+ years,TarHeel Roofing  Inc.,C,MORTGAGE,2021-08-11,16-05-2021,16-05-2021,Current,16-06-2021,1044502,major purchase,C2, 60 months,Source Verified,163008.0,0.0469,189.22,0.1349,10000,26,10573,August,0.5569010071572746,Medium Risk
35406,879231,FL,INDIVIDUAL,10+ years,CMA Technology Solutions,B,RENT,2021-10-11,16-05-2021,16-05-2021,Current,16-06-2021,1094044,other,B1, 60 months,Verified,130000.0,0.0188,636.09,0.0991,30000,34,34984,October,0.5562860806515396,Medium Risk
24457,856139,IL,INDIVIDUAL,5 years,Southern Illinios University,B,MORTGAGE,2021-09-11,16-05-2021,16-05-2021,Current,16-06-2021,1068453,Debt consolidation,B4, 60 months,Verified,68004.0,0.1994,518.91,0.1149,23600,33,29020,September,0.5562050106735565,Medium Risk
30366,764775,FL,INDIVIDUAL,9 years,West Manatee Fire Rescue,B,MORTGAGE,2021-05-11,16-05-2021,16-05-2021,Current,16-06-2021,965536,major purchase,B4, 60 months,Verified,69313.0,0.0,175.91,0.1149,8000,21,10316,May,0.5554602259069363,Medium Risk
24486,863089,MA,INDIVIDUAL,8 years,Tasc,C,MORTGAGE,2021-09-11,16-04-2021,16-05-2021,Current,16-06-2021,1076155,Debt consolidation,C1, 60 months,Verified,80004.0,0.0906,525.48,0.1299,30000,21,28847,September,0.5546794230025104,Medium Risk
24343,1000124,NJ,INDIVIDUAL,5 years,Travelong Inc,B,RENT,2021-11-11,16-05-2021,16-05-2021,Current,16-06-2021,1225944,Debt consolidation,B1, 60 months,Source Verified,33204.0,0.0108,59.37,0.0991,2800,11,3206,November,0.5546202974801808,Medium Risk
24290,1048727,UT,INDIVIDUAL,1 year,KP Sports,C,MORTGAGE,2021-12-11,16-05-2021,16-05-2021,Current,16-06-2021,1279694,Debt consolidation,C3, 60 months,Source Verified,93000.0,0.0693,519.35,0.1465,22000,13,27524,December,0.5544864248218017,Medium Risk
24424,1057314,FL,INDIVIDUAL,3 years,"Multivista, FL dba Premium Documentation",B,MORTGAGE,2021-12-11,16-05-2021,16-05-2021,Current,16-06-2021,1288878,Debt consolidation,B4, 60 months,Verified,66000.0,0.0896,495.19,0.1242,35000,17,27335,December,0.5544498084209853,Medium Risk
35368,1015244,NY,INDIVIDUAL,2 years,Bank Of America,B,RENT,2021-11-11,16-04-2021,16-05-2021,Current,16-06-2021,1242686,other,B3, 60 months,Source Verified,120000.0,0.0651,441.97,0.1171,20000,20,23414,November,0.554012316276383,Medium Risk
24288,876457,MD,INDIVIDUAL,< 1 year,Medstar Health,C,MORTGAGE,2021-09-11,16-05-2021,16-05-2021,Current,16-06-2021,1091130,Debt consolidation,C1, 60 months,Source Verified,95800.0,0.2168,318.48,0.1299,14000,43,17787,September,0.5538719658863288,Medium Risk
24274,889913,NY,INDIVIDUAL,2 years,PECI,B,MORTGAGE,2021-10-11,16-05-2021,16-05-2021,Current,16-06-2021,1106410,Debt consolidation,B2, 60 months,Source Verified,50000.0,0.1538,539.21,0.1065,25000,22,29056,October,0.5536767128764214,Medium Risk
24319,831274,WY,INDIVIDUAL,6 years,solvay chemicals,E,MORTGAGE,2021-07-11,16-05-2021,16-05-2021,Current,16-06-2021,1019524,Debt consolidation,E1, 60 months,Source Verified,85000.0,0.0151,431.6,0.1799,17000,6,24585,July,0.5528447974361527,Medium Risk
6457,1017659,NJ,INDIVIDUAL,3 years,MLB Network,C,MORTGAGE,2021-11-11,16-05-2021,16-05-2021,Current,16-06-2021,1245437,credit card,C2, 60 months,Verified,94000.0,0.1503,400.29,0.1427,17100,41,21179,November,0.5527330281332621,Medium Risk
6427,787064,GA,INDIVIDUAL,9 years,Quality Gin Inc.,B,MORTGAGE,2021-06-11,16-05-2021,16-05-2021,Current,16-06-2021,990564,credit card,B4, 60 months,Source Verified,55000.0,0.0809,211.64,0.1149,15000,15,12215,June,0.5515699531057977,Medium Risk
27895,979317,AZ,INDIVIDUAL,2 years,Mediapoint Capital LLC(Pitchblack Games),B,RENT,2021-10-11,16-05-2021,16-05-2021,Current,16-06-2021,1202399,home improvement,B4, 60 months,Verified,73000.0,0.0835,422.2,0.1242,18800,18,24456,October,0.5513097532517595,Medium Risk
24463,1019316,MD,INDIVIDUAL,10+ years,Otis Elevator,C,MORTGAGE,2021-11-11,16-05-2021,16-05-2021,Current,16-06-2021,1248001,Debt consolidation,C2, 60 months,Verified,125000.0,0.172,713.96,0.1427,30500,29,37812,November,0.5512279331696373,Medium Risk
24187,877599,FL,INDIVIDUAL,10+ years,Broward Sheriff's Office,B,MORTGAGE,2021-09-11,16-04-2021,16-05-2021,Current,16-06-2021,1092362,Debt consolidation,B2, 60 months,Not Verified,60000.0,0.2799,260.08,0.1059,12075,21,14539,September,0.550802840095421,Medium Risk
27814,978592,OH,INDIVIDUAL,2 years,Interactive Financial Sols dba Solana,B,MORTGAGE,2021-10-11,16-05-2021,16-05-2021,Current,16-06-2021,1201452,home improvement,B5, 60 months,Not Verified,47500.0,0.1197,289.22,0.1269,12800,34,16495,October,0.5507817541789904,Medium Risk
24417,1026310,AZ,INDIVIDUAL,2 years,colon and digestive health specialists,B,MORTGAGE,2021-11-11,16-04-2021,16-05-2021,Current,16-06-2021,1255475,Debt consolidation,B1, 60 months,Verified,50004.0,0.1097,165.39,0.0991,7800,30,8766,November,0.5507361827596083,Medium Risk
24262,843307,FL,INDIVIDUAL,8 years,Lucky's Sports Bar,B,RENT,2021-08-11,16-05-2021,16-05-2021,Current,16-06-2021,1054085,Debt consolidation,B5, 60 months,Not Verified,46000.0,0.0493,115.09,0.1199,5175,8,6539,August,0.5506881722716144,Medium Risk
24426,770922,TX,INDIVIDUAL,4 years,Georgia-Pacific Gypsum,B,MORTGAGE,2021-06-11,16-05-2021,16-05-2021,Current,16-06-2021,972650,Debt consolidation,B4, 60 months,Verified,60000.0,0.1654,549.69,0.1149,25000,34,32318,June,0.5505130799223802,Medium Risk
24243,820615,NY,INDIVIDUAL,7 years,Westchester County,C,RENT,2021-07-11,16-04-2021,16-05-2021,Current,16-06-2021,1028851,Debt consolidation,C2, 60 months,Not Verified,60500.0,0.0555,276.06,0.1349,12000,19,15714,July,0.5504265067994815,Medium Risk
24444,987843,GA,INDIVIDUAL,10+ years,Camden County System,B,MORTGAGE,2021-10-11,16-05-2021,16-05-2021,Current,16-06-2021,1211841,Debt consolidation,B3, 60 months,Verified,93000.0,0.1498,552.46,0.1171,25000,30,29794,October,0.5500341578786287,Medium Risk
6865,1056057,NY,INDIVIDUAL,8 years,Queens College CUNY,B,RENT,2021-12-11,16-05-2021,16-05-2021,Current,16-06-2021,1287630,Debt consolidation,B3, 60 months,Verified,70000.0,0.1942,470.14,0.1171,35000,25,24903,December,0.5497418018219141,Medium Risk
24625,1046530,NY,INDIVIDUAL,5 years,Digital Evolution Inc.,C,RENT,2021-12-11,16-05-2021,16-05-2021,Current,16-06-2021,1277576,Debt consolidation,C4, 60 months,Verified,99000.0,0.0776,382.92,0.1527,16000,12,20249,December,0.5493538464286031,Medium Risk
27871,1047209,WA,INDIVIDUAL,7 years,Red Robin International,C,MORTGAGE,2021-12-11,16-05-2021,16-05-2021,Current,16-06-2021,1278090,home improvement,C4, 60 months,Verified,90000.0,0.1323,502.57,0.1527,21000,18,26561,December,0.5489283015207378,Medium Risk
24590,1020393,FL,INDIVIDUAL,5 years,"Bio-Optronics, Inc.",A,RENT,2021-11-11,16-05-2021,16-05-2021,Current,16-06-2021,1249164,Debt consolidation,A4, 60 months,Verified,27000.0,0.1733,273.09,0.079,13500,17,14704,November,0.5488099831755237,Medium Risk
24594,971314,NJ,INDIVIDUAL,10+ years,Credit Lenders Service Agency In,B,RENT,2021-10-11,16-05-2021,16-05-2021,Current,16-06-2021,1193035,Debt consolidation,B2, 60 months,Verified,63900.0,0.2408,185.49,0.1065,8600,29,10189,October,0.5482514684311665,Medium Risk
6775,1039993,AL,INDIVIDUAL,10+ years,BlueCross BlueShield of TN,B,MORTGAGE,2021-12-11,16-05-2021,16-05-2021,Current,16-06-2021,1269948,Debt consolidation,B3, 60 months,Verified,72000.0,0.2648,331.48,0.1171,15000,15,17546,December,0.5481268809617964,Medium Risk
6447,969535,IL,INDIVIDUAL,10+ years,Eaton Corporation,B,MORTGAGE,2021-10-11,16-05-2021,16-05-2021,Current,16-06-2021,1190959,credit card,B3, 60 months,Verified,75000.0,0.2082,477.33,0.1171,21600,29,26243,October,0.5478759655207117,Medium Risk
24613,892757,MA,INDIVIDUAL,5 years,Shared Technology group services inc,C,RENT,2021-09-11,16-05-2021,16-05-2021,Current,16-06-2021,1109821,Debt consolidation,C1, 60 months,Verified,96000.0,0.135,460.1,0.1349,20000,12,25262,September,0.5476422062283133,Medium Risk
24616,840966,NY,INDIVIDUAL,10+ years,Mercer,C,RENT,2021-08-11,16-05-2021,16-05-2021,Current,16-06-2021,1051465,Debt consolidation,C2, 60 months,Verified,120000.0,0.0632,805.17,0.1349,35000,25,45864,August,0.5475875337396667,Medium Risk
1482,738420,NY,INDIVIDUAL,1 year,People's Incorporated,B,RENT,2021-04-11,16-05-2021,16-05-2021,Current,16-06-2021,935790,car,B3, 60 months,Source Verified,24000.0,0.1105,128.58,0.1037,6000,9,7701,April,0.546951274129272,Medium Risk
28261,1007227,MI,INDIVIDUAL,10+ years,Roofers Local 149,C,MORTGAGE,2021-11-11,16-05-2021,16-05-2021,Current,16-06-2021,1233617,house,C1, 60 months,Verified,80000.0,0.0751,483.1,0.1349,21000,11,26038,November,0.5463306785005837,Medium Risk
27813,817942,IL,INDIVIDUAL,10+ years,City of Freeport Illinois,B,MORTGAGE,2021-07-11,16-05-2021,16-05-2021,Current,16-06-2021,1025833,home improvement,B2, 60 months,Not Verified,61000.0,0.1159,290.77,0.1059,13500,37,16524,July,0.5458692674448368,Medium Risk
27858,787212,NY,INDIVIDUAL,< 1 year,,B,MORTGAGE,2021-06-11,16-05-2021,16-05-2021,Current,16-06-2021,990723,home improvement,B3, 60 months,Verified,41000.0,0.0404,260.85,0.1099,12000,14,15105,June,0.5456938541405782,Medium Risk
27878,831767,MA,INDIVIDUAL,6 years,walgreens,D,MORTGAGE,2021-08-11,16-04-2021,16-05-2021,Current,16-06-2021,1041076,home improvement,D5, 60 months,Verified,275000.0,0.1025,301.41,0.1749,12000,31,17153,August,0.5453277716116584,Medium Risk
24206,1022176,PA,INDIVIDUAL,6 years,JMT,C,MORTGAGE,2021-11-11,16-05-2021,16-04-2021,Current,16-05-2021,1250947,Debt consolidation,C2, 60 months,Not Verified,95000.0,0.1372,351.13,0.1427,15000,14,18573,November,0.5448077790944628,Medium Risk
6428,1039790,TX,INDIVIDUAL,10+ years,Gulf Marine Fabricators,C,MORTGAGE,2021-12-11,16-05-2021,16-05-2021,Current,16-06-2021,1269729,credit card,C1, 60 months,Source Verified,67000.0,0.2473,322.07,0.1349,14000,31,17044,December,0.5435785839206554,Medium Risk
6407,995914,NJ,INDIVIDUAL,10+ years,home depot,B,MORTGAGE,2021-10-11,16-05-2021,16-05-2021,Current,16-06-2021,1220508,credit card,B2, 60 months,Not Verified,47000.0,0.2078,184.95,0.1065,8575,18,9935,October,0.5427162872457676,Medium Risk
24500,966051,FL,INDIVIDUAL,10+ years,21st century oncology,C,MORTGAGE,2021-10-11,16-05-2021,16-05-2021,Current,16-06-2021,1186706,Debt consolidation,C2, 60 months,Verified,129996.0,0.1862,585.22,0.1427,25000,36,32171,October,0.5420686778915351,Medium Risk
35347,1003267,NY,INDIVIDUAL,6 years,Empire Consulting Corporation,B,MORTGAGE,2021-10-11,16-04-2021,16-05-2021,Current,16-06-2021,1229633,other,B2, 60 months,Source Verified,90000.0,0.1153,64.71,0.1065,3000,12,3475,October,0.5413678196380888,Medium Risk
24489,800472,TX,INDIVIDUAL,2 years,Ewing autohaus,C,MORTGAGE,2021-07-11,16-05-2021,16-05-2021,Current,16-06-2021,1005810,Debt consolidation,C2, 60 months,Verified,75000.0,0.1786,276.06,0.1349,12000,21,15987,July,0.5413076154205123,Medium Risk
6890,1060600,PA,INDIVIDUAL,1 year,Hand Surgery & Rehabilitation Center,B,RENT,2021-12-11,16-05-2021,16-05-2021,Current,16-06-2021,1292359,Debt consolidation,B3, 60 months,Not Verified,61600.0,0.218,282.86,0.1171,12800,37,15279,December,0.5412498080632568,Medium Risk
24396,1020317,PA,INDIVIDUAL,10+ years,Westcode Inc,B,MORTGAGE,2021-11-11,16-05-2021,16-04-2021,Current,16-05-2021,1249092,Debt consolidation,B2, 60 months,Verified,52000.0,0.2963,431.37,0.1065,20000,14,22819,November,0.540537842360173,Medium Risk
27890,887246,CT,INDIVIDUAL,10+ years,Norwalk Public Schools,B,OWN,2021-09-11,16-04-2021,16-05-2021,Current,16-06-2021,1103391,home improvement,B4, 60 months,Verified,89000.0,0.1143,786.01,0.1242,35000,21,43217,September,0.540414031744639,Medium Risk
30363,853183,OH,INDIVIDUAL,10+ years,Comcast Cable,B,MORTGAGE,2021-09-11,16-05-2021,16-05-2021,Current,16-06-2021,1065339,major purchase,B2, 60 months,Verified,48000.0,0.1503,387.7,0.1059,18000,27,21647,September,0.5401364703543401,Medium Risk
24484,812051,WI,INDIVIDUAL,7 years,"Grygiel Farms, Inc.",C,MORTGAGE,2021-07-11,16-05-2021,16-05-2021,Current,16-06-2021,1019160,Debt consolidation,C3, 60 months,Verified,82420.0,0.2054,234.96,0.1399,14000,41,13379,July,0.5399175306610701,Medium Risk
35405,988112,CA,INDIVIDUAL,8 years,Trinity Protection Services,A,RENT,2021-10-11,16-05-2021,16-05-2021,Current,16-06-2021,1212526,other,A5, 60 months,Verified,64000.0,0.082,310.65,0.089,15000,20,16749,October,0.5392417870943956,Medium Risk
24431,767189,MI,INDIVIDUAL,6 years,Detroit Public Schools,B,MORTGAGE,2021-06-11,16-05-2021,16-05-2021,Current,16-06-2021,968239,Debt consolidation,B4, 60 months,Verified,84000.0,0.1549,473.29,0.1149,28000,34,27866,June,0.5390862114145143,Medium Risk
27822,975945,WV,INDIVIDUAL,10+ years,West Virginia Department of Environmental protection,B,OWN,2021-10-11,16-05-2021,16-05-2021,Current,16-06-2021,1198291,home improvement,B3, 60 months,Not Verified,60996.0,0.1956,386.72,0.1171,17500,21,21253,October,0.5383701410421389,Medium Risk
24439,873167,NC,INDIVIDUAL,9 years,The Home Depot,B,MORTGAGE,2021-09-11,16-05-2021,16-05-2021,Current,16-06-2021,1087405,Debt consolidation,B5, 60 months,Verified,73000.0,0.2121,467.59,0.1199,28000,25,26146,September,0.5375414638174351,Medium Risk
24397,745773,PA,INDIVIDUAL,10+ years,diamond landscaping inc,B,MORTGAGE,2021-05-11,16-05-2021,16-05-2021,Current,16-06-2021,909887,Debt consolidation,B2, 60 months,Verified,44004.0,0.1838,276.22,0.1,13000,22,16282,May,0.5366011767235801,Medium Risk
24437,861770,FL,INDIVIDUAL,8 years,United Police FCU,B,MORTGAGE,2021-09-11,16-05-2021,16-05-2021,Current,16-06-2021,1074687,Debt consolidation,B3, 60 months,Verified,62000.0,0.2145,413.02,0.1099,19000,21,23116,September,0.536363551704712,Medium Risk
6411,801915,IL,INDIVIDUAL,2 years,MBS DEV,C,MORTGAGE,2021-07-11,16-05-2021,16-05-2021,Current,16-06-2021,1007533,credit card,C3, 60 months,Not Verified,95000.0,0.0979,279.16,0.1399,12000,15,16170,July,0.5356510917215456,Medium Risk
24326,883165,MA,INDIVIDUAL,10+ years,new england outdoor wood products,B,OWN,2021-09-11,16-04-2021,16-05-2021,Current,16-06-2021,1098416,Debt consolidation,B2, 60 months,Source Verified,60000.0,0.1682,280.39,0.1065,13000,16,15364,September,0.5353173081908911,Medium Risk
30369,967294,PA,INDIVIDUAL,4 years,St Agnes Hospital,B,OWN,2021-10-11,16-05-2021,16-05-2021,Current,16-06-2021,1188219,major purchase,B2, 60 months,Verified,48000.0,0.2832,568.87,0.1065,26375,37,31257,October,0.5343362245150033,Medium Risk
27829,980072,PA,INDIVIDUAL,3 years,School District of Philadelphia,B,MORTGAGE,2021-10-11,16-05-2021,16-04-2021,Current,16-05-2021,1203242,home improvement,B5, 60 months,Source Verified,42996.0,0.0913,271.14,0.1269,12000,21,14642,October,0.5342040374199994,Medium Risk
24270,987923,CT,INDIVIDUAL,10+ years,Foxwoods Resort Casino,B,MORTGAGE,2021-10-11,16-04-2021,16-05-2021,Current,16-06-2021,1212128,Debt consolidation,B3, 60 months,Source Verified,80000.0,0.1254,397.77,0.1171,18000,22,21443,October,0.5342020084603589,Medium Risk
24394,859209,MI,INDIVIDUAL,1 year,Andrews Federal Credit Union,B,MORTGAGE,2021-09-11,16-05-2021,16-05-2021,Current,16-06-2021,1071891,Debt consolidation,B5, 60 months,Verified,93000.0,0.2044,648.84,0.1199,29175,20,36314,September,0.5334289281351945,Medium Risk
35324,862586,TX,INDIVIDUAL,5 years,Akimeka,C,MORTGAGE,2021-08-11,16-05-2021,16-05-2021,Current,16-06-2021,1075632,other,C2, 60 months,Not Verified,110004.0,0.1202,257.66,0.1349,11200,32,14414,August,0.5333647914141075,Medium Risk
24610,881415,MA,INDIVIDUAL,10+ years,IBM Corporation,C,RENT,2021-09-11,16-05-2021,16-05-2021,Current,16-06-2021,1096488,Debt consolidation,C1, 60 months,Verified,124704.0,0.0461,552.12,0.1349,24000,8,30878,September,0.5330429790746544,Medium Risk
6591,1046969,CA,INDIVIDUAL,10+ years,Department Of Health,C,MORTGAGE,2021-12-11,16-05-2021,16-05-2021,Current,16-06-2021,1277832,Debt consolidation,C1, 60 months,Verified,129000.0,0.1094,253.06,0.1349,11000,31,13132,December,0.5326974692627692,Medium Risk
24497,759456,CO,INDIVIDUAL,4 years,State of Colorado,C,MORTGAGE,2021-05-11,16-05-2021,16-05-2021,Current,16-06-2021,959699,Debt consolidation,C4, 60 months,Verified,100800.0,0.0913,473.6,0.1479,20000,32,27920,May,0.531349322717966,Medium Risk
37227,892139,TX,INDIVIDUAL,10+ years,USAF Services,B,MORTGAGE,2021-10-11,16-05-2021,16-05-2021,Current,16-06-2021,1109011,small business,B1, 60 months,Not Verified,97200.0,0.1957,254.97,0.0991,12025,32,14023,October,0.5308578215221933,Medium Risk
24236,807510,WI,INDIVIDUAL,4 years,SABOR,B,RENT,2021-07-11,16-05-2021,16-05-2021,Current,16-06-2021,1014099,Debt consolidation,B3, 60 months,Not Verified,27000.0,0.124,304.33,0.1099,14000,26,17636,July,0.5307707178568677,Medium Risk
24292,1044201,NV,INDIVIDUAL,10+ years,Clark County School District,C,MORTGAGE,2021-12-11,16-05-2021,16-05-2021,Current,16-06-2021,1274560,Debt consolidation,C4, 60 months,Source Verified,150000.0,0.0988,598.3,0.1527,25000,24,31665,December,0.5301705321099922,Medium Risk
30349,865284,NJ,INDIVIDUAL,2 years,Henry Street Settlement,B,RENT,2021-09-11,16-05-2021,16-05-2021,Current,16-06-2021,1078535,major purchase,B1, 60 months,Not Verified,40000.0,0.1779,216.14,0.0999,13000,14,12095,September,0.528861565526772,Medium Risk
24275,893637,NV,INDIVIDUAL,2 years,Wynn Resorts,B,MORTGAGE,2021-10-11,16-05-2021,16-05-2021,Current,16-06-2021,1110784,Debt consolidation,B3, 60 months,Source Verified,80000.0,0.0729,773.44,0.1171,35000,15,46018,October,0.528375517331774,Medium Risk
24414,764365,VA,INDIVIDUAL,10+ years,US CUSTOM AND BORDER PROTECTION,B,MORTGAGE,2021-05-11,16-05-2021,16-05-2021,Current,16-06-2021,965077,Debt consolidation,B5, 60 months,Verified,93233.0,0.165,444.79,0.1199,20000,35,26209,May,0.5279976580564532,Medium Risk
1449,818608,NV,INDIVIDUAL,10+ years,Veoila Transportation,B,MORTGAGE,2021-08-11,16-05-2021,16-05-2021,Current,16-06-2021,1026572,car,B1, 60 months,Not Verified,48000.0,0.191,208.18,0.0999,9800,25,11855,August,0.5277032939340821,Medium Risk
24592,1017526,CA,INDIVIDUAL,10+ years,Lompoc Valley Medical Center,B,RENT,2021-11-11,16-05-2021,16-05-2021,Current,16-06-2021,1245704,Debt consolidation,B2, 60 months,Verified,79000.0,0.1492,539.21,0.1065,25000,24,28499,November,0.5273527403014283,Medium Risk
24273,978993,GA,INDIVIDUAL,10+ years,Security Benefit assoc,B,MORTGAGE,2021-11-11,16-05-2021,16-05-2021,Current,16-06-2021,1201873,Debt consolidation,B4, 60 months,Source Verified,105000.0,0.181,673.72,0.1242,30000,38,36368,November,0.5270423089923881,Medium Risk
24412,844222,CA,INDIVIDUAL,10+ years,State of California,B,MORTGAGE,2021-08-11,16-05-2021,16-05-2021,Current,16-06-2021,1055126,Debt consolidation,B4, 60 months,Verified,96660.0,0.2009,549.69,0.1149,25000,34,31293,August,0.5262823101476374,Medium Risk
38571,803452,NJ,INDIVIDUAL,< 1 year,Joseph M Sanzari Company,C,MORTGAGE,2021-07-11,16-05-2021,16-05-2021,Current,16-06-2021,992381,wedding,C1, 60 months,Verified,100000.0,0.1986,551.64,0.1299,24250,33,31946,July,0.5262718695294096,Medium Risk
6438,1031564,TX,INDIVIDUAL,8 years,CRC,C,RENT,2021-11-11,16-05-2021,16-05-2021,Current,16-06-2021,1260984,credit card,C3, 60 months,Source Verified,81000.0,0.2233,330.5,0.1465,14000,19,17515,November,0.5258035558793187,Medium Risk
30358,875250,MA,INDIVIDUAL,4 years,glaziers local 1044,C,RENT,2021-09-11,16-04-2021,16-05-2021,Current,16-06-2021,1089748,major purchase,C2, 60 months,Source Verified,100000.0,0.0712,307.24,0.1427,13125,14,16876,September,0.5249306788440826,Medium Risk
24441,802509,OH,INDIVIDUAL,10+ years,Insulators local union #80,B,MORTGAGE,2021-07-11,16-05-2021,16-05-2021,Current,16-06-2021,1008169,Debt consolidation,B5, 60 months,Verified,87500.0,0.2252,290.79,0.1199,13075,29,16831,July,0.5247687574491596,Medium Risk
24598,1040115,CA,INDIVIDUAL,10+ years,State of California,B,RENT,2021-12-11,16-05-2021,16-05-2021,Current,16-06-2021,1270085,Debt consolidation,B5, 60 months,Verified,102000.0,0.1658,790.82,0.1269,35000,23,41885,December,0.5243766943227433,Medium Risk
1496,790807,CA,INDIVIDUAL,10+ years,Woodward Hrt,B,MORTGAGE,2021-06-11,16-05-2021,16-05-2021,Current,16-06-2021,995023,car,B4, 60 months,Verified,72000.0,0.0843,112.69,0.1149,5125,24,6492,June,0.5240728584708026,Medium Risk
24203,792534,TX,INDIVIDUAL,10+ years,Federal Highway Administration,C,MORTGAGE,2021-07-11,16-05-2021,16-05-2021,Current,16-06-2021,996960,Debt consolidation,C1, 60 months,Not Verified,103000.0,0.1477,341.22,0.1299,15000,37,19698,July,0.5237053472638834,Medium Risk
24429,879330,NC,INDIVIDUAL,5 years,Ply Gem,B,MORTGAGE,2021-09-11,16-05-2021,16-05-2021,Current,16-06-2021,1094097,Debt consolidation,B5, 60 months,Verified,92000.0,0.1641,515.16,0.1269,22800,23,28808,September,0.5236763385879902,Medium Risk
24420,981693,KY,INDIVIDUAL,3 years,Sts Mary and Elizabeth Hospital,B,MORTGAGE,2021-10-11,16-05-2021,16-05-2021,Current,16-06-2021,1204862,Debt consolidation,B2, 60 months,Verified,60000.0,0.1064,647.05,0.1065,30000,29,35541,October,0.5234677401055142,Medium Risk
35346,1032764,NY,INDIVIDUAL,5 years,Livingston International  Inc.,B,MORTGAGE,2021-11-11,16-05-2021,16-05-2021,Current,16-06-2021,1262315,other,B1, 60 months,Source Verified,98580.0,0.1541,106.02,0.0991,5000,24,5619,November,0.5229952923281631,Medium Risk
27812,767511,FL,INDIVIDUAL,7 years,ccc transportation,A,MORTGAGE,2021-06-11,16-05-2021,16-05-2021,Current,16-06-2021,951749,home improvement,A5, 60 months,Not Verified,38400.0,0.275,193.84,0.0849,9450,40,11408,June,0.5229690009273623,Medium Risk
24186,844165,PA,INDIVIDUAL,1 year,KB Payroll  LLC,B,MORTGAGE,2021-08-11,16-05-2021,16-05-2021,Current,16-06-2021,1055064,Debt consolidation,B5, 60 months,Not Verified,69996.0,0.204,284.67,0.1199,12800,19,16208,August,0.5224718552226393,Medium Risk
37644,797932,UT,INDIVIDUAL,10+ years,Autoliv,B,MORTGAGE,2021-06-11,16-05-2021,16-05-2021,Current,16-06-2021,1002989,vacation,B3, 60 months,Not Verified,75000.0,0.0,326.07,0.1099,15000,22,18899,June,0.5224094442398008,Medium Risk
24346,1028866,UT,INDIVIDUAL,1 year,WebBank,C,RENT,2021-11-11,16-05-2021,16-05-2021,Current,16-06-2021,1258220,Debt consolidation,C2, 60 months,Source Verified,120000.0,0.245,468.17,0.1427,20000,60,24794,November,0.5211985897779576,Medium Risk
35378,968224,MO,INDIVIDUAL,1 year,Honeywell FM and T,A,MORTGAGE,2021-10-11,16-05-2021,16-05-2021,Current,16-06-2021,1189185,other,A5, 60 months,Verified,76728.0,0.1939,207.1,0.089,10000,29,11361,October,0.5208930709635947,Medium Risk
24495,883617,NJ,INDIVIDUAL,2 years,"Hired by Matrix, Inc.",C,MORTGAGE,2021-09-11,16-05-2021,16-05-2021,Current,16-06-2021,1098942,Debt consolidation,C1, 60 months,Verified,110000.0,0.2047,574.55,0.1349,35000,63,31571,September,0.5207588458217985,Medium Risk
6405,978420,AR,INDIVIDUAL,10+ years,Group W Insurance,B,MORTGAGE,2021-10-11,16-05-2021,16-05-2021,Current,16-06-2021,1201258,credit card,B4, 60 months,Not Verified,90000.0,0.1441,269.49,0.1242,12000,21,14818,October,0.5205869504215074,Medium Risk
24408,987047,AL,INDIVIDUAL,10+ years,US Army Aviation Engineering,B,MORTGAGE,2021-11-11,16-05-2021,16-05-2021,Current,16-06-2021,1211002,Debt consolidation,B4, 60 months,Verified,108000.0,0.19,786.01,0.1242,35000,28,42428,November,0.5204264463008149,Medium Risk
1457,775351,CO,INDIVIDUAL,6 years,Del Mar Carpet One,B,MORTGAGE,2021-06-11,16-05-2021,16-05-2021,Current,16-06-2021,977598,car,B3, 60 months,Not Verified,50000.0,0.0283,65.22,0.1099,3000,23,3837,June,0.5202783099918491,Medium Risk
30344,811825,LA,INDIVIDUAL,10+ years,john deere,C,MORTGAGE,2021-07-11,16-05-2021,16-05-2021,Current,16-06-2021,1018911,major purchase,C2, 60 months,Not Verified,110000.0,0.1167,276.06,0.1349,12000,23,15987,July,0.5200501454524873,Medium Risk
24606,884223,FL,INDIVIDUAL,2 years,iGov  Inc,B,RENT,2021-09-11,16-05-2021,16-05-2021,Current,16-06-2021,1099521,Debt consolidation,B4, 60 months,Verified,125004.0,0.1858,500.24,0.1242,30000,29,27501,September,0.5184136430246423,Medium Risk
6452,969939,NJ,INDIVIDUAL,< 1 year,PHH Mortgage,B,MORTGAGE,2021-10-11,16-05-2021,16-05-2021,Current,16-06-2021,1191381,credit card,B5, 60 months,Verified,65000.0,0.1665,361.52,0.1269,16000,23,19864,October,0.5183669649978059,Medium Risk
1458,839198,KS,INDIVIDUAL,5 years,Clay County Medical Center,B,MORTGAGE,2021-08-11,16-05-2021,16-05-2021,Current,16-06-2021,1049353,car,B1, 60 months,Not Verified,36000.0,0.262,38.24,0.0999,1800,32,2178,August,0.5177748086433709,Medium Risk
6448,977111,CO,INDIVIDUAL,10+ years,University of Colorado Hospital,B,MORTGAGE,2021-11-11,16-04-2021,16-05-2021,Current,16-06-2021,1199903,credit card,B3, 60 months,Verified,100500.0,0.199,773.44,0.1171,35000,33,40972,November,0.5177630007120961,Medium Risk
24271,922186,NJ,INDIVIDUAL,10+ years,Heavy & General Laborers Local Union 172,B,MORTGAGE,2021-10-11,16-05-2021,16-05-2021,Current,16-06-2021,1142937,Debt consolidation,B3, 60 months,Source Verified,120000.0,0.114,773.44,0.1171,35000,29,41746,October,0.5176921047816553,Medium Risk
6888,1060631,MA,INDIVIDUAL,10+ years,Harvard Asia Center,B,RENT,2021-12-11,16-05-2021,16-05-2021,Current,16-06-2021,1292393,Debt consolidation,B3, 60 months,Not Verified,70000.0,0.2117,265.18,0.1171,12000,23,14039,December,0.5154753220360191,Medium Risk
1490,766950,GA,INDIVIDUAL,1 year,DOL Maint Div,B,MORTGAGE,2021-05-11,16-05-2021,16-05-2021,Current,16-06-2021,967982,car,B3, 60 months,Verified,68400.0,0.2556,108.69,0.1099,5000,38,6399,May,0.5152078435831791,Medium Risk
30348,815394,PA,INDIVIDUAL,10+ years,Fisher's Market,B,RENT,2021-07-11,16-05-2021,16-05-2021,Current,16-06-2021,1023051,major purchase,B1, 60 months,Not Verified,20004.0,0.2723,101.97,0.0999,4800,14,5806,July,0.5144540775847507,Medium Risk
24434,1048949,WA,INDIVIDUAL,7 years,Sterling Savings Bank,B,MORTGAGE,2021-12-11,16-05-2021,16-05-2021,Current,16-06-2021,1280339,Debt consolidation,B3, 60 months,Verified,78000.0,0.1663,773.44,0.1171,35000,37,40978,December,0.51438947775681,Medium Risk
24421,743734,PA,INDIVIDUAL,3 years,Health America,B,MORTGAGE,2021-05-11,16-05-2021,16-05-2021,Current,16-06-2021,942065,Debt consolidation,B3, 60 months,Verified,65000.0,0.2038,347.8,0.1099,16000,43,20826,May,0.5142818512149794,Medium Risk
24498,773438,WA,INDIVIDUAL,5 years,OSI Consulting,C,MORTGAGE,2021-06-11,16-05-2021,16-05-2021,Current,16-06-2021,975486,Debt consolidation,C4, 60 months,Verified,159996.0,0.1277,592.0,0.1479,25000,21,34886,June,0.514005859913976,Medium Risk
27855,984968,NJ,INDIVIDUAL,3 years,Tecniplast USA,B,MORTGAGE,2021-10-11,16-05-2021,16-05-2021,Current,16-06-2021,1208414,home improvement,B3, 60 months,Verified,78500.0,0.0268,773.44,0.1171,35000,17,42490,October,0.5134705160291996,Medium Risk
6445,968920,CA,INDIVIDUAL,10+ years,Alameda county fire dept,B,MORTGAGE,2021-10-11,16-05-2021,16-05-2021,Current,16-06-2021,1190321,credit card,B3, 60 months,Verified,102000.0,0.1099,773.44,0.1171,35000,36,42546,October,0.5134467518123368,Medium Risk
28252,837521,OH,INDIVIDUAL,1 year,UNICON International Inc.,B,MORTGAGE,2021-08-11,16-05-2021,16-05-2021,Current,16-06-2021,1047608,house,B5, 60 months,Not Verified,70000.0,0.2429,224.07,0.1199,10075,27,12750,August,0.5131036875251159,Medium Risk
24190,763967,CA,INDIVIDUAL,2 years,Online Trading Academy,B,MORTGAGE,2021-05-11,16-05-2021,16-05-2021,Current,16-06-2021,964636,Debt consolidation,B3, 60 months,Not Verified,66000.0,0.1598,260.85,0.1099,12000,23,15379,May,0.5129086765685769,Medium Risk
24350,757906,CA,INDIVIDUAL,5 years,Allison & Partners,C,RENT,2021-05-11,16-04-2021,16-05-2021,Current,16-06-2021,958004,Debt consolidation,C2, 60 months,Source Verified,150000.0,0.1214,506.11,0.1349,22000,36,29839,May,0.5127771887786281,Medium Risk
24475,798390,MA,INDIVIDUAL,1 year,Bourne Public Schools,C,MORTGAGE,2021-07-11,16-04-2021,16-05-2021,Current,16-06-2021,1003510,Debt consolidation,C4, 60 months,Verified,143000.0,0.0983,592.0,0.1479,25000,19,34307,July,0.5107662318542119,Medium Risk
27820,756858,WI,INDIVIDUAL,5 years,General Beer,C,MORTGAGE,2021-05-11,16-05-2021,16-05-2021,Current,16-06-2021,956827,home improvement,C4, 60 months,Not Verified,42000.0,0.0251,71.04,0.1479,3000,24,4184,May,0.5103359724967048,Medium Risk
25035,1065104,LA,INDIVIDUAL,7 years,Industrial Design And Contruccion,B,OWN,2021-12-11,16-05-2021,16-04-2021,Current,16-05-2021,1299181,home improvement,B5, 60 months,Source Verified,85000.0,0.1021,451.9,0.1269,20000,31,23468,December,0.5103026429591562,Medium Risk
27873,970316,NV,INDIVIDUAL,2 years,R&R Partners,C,MORTGAGE,2021-10-11,16-05-2021,16-05-2021,Current,16-06-2021,1191973,home improvement,C4, 60 months,Verified,125000.0,0.1479,382.92,0.1527,16000,14,21037,October,0.5099495935952836,Medium Risk
6429,1010801,MO,INDIVIDUAL,7 years,BJC HealthCare,C,MORTGAGE,2021-11-11,16-05-2021,16-05-2021,Current,16-06-2021,1237636,credit card,C1, 60 months,Source Verified,94000.0,0.1205,345.08,0.1349,15000,50,18598,November,0.5087179316276279,Medium Risk
24487,986641,NC,INDIVIDUAL,< 1 year,TIAA-CREF,C,MORTGAGE,2021-10-11,16-05-2021,16-04-2021,Current,16-05-2021,1210575,Debt consolidation,C1, 60 months,Verified,135000.0,0.1596,690.15,0.1349,30000,42,37227,October,0.5084532797219422,Medium Risk
24241,867802,NY,INDIVIDUAL,5 years,MG Forge Construction LLC,C,RENT,2021-09-11,16-04-2021,16-05-2021,Current,16-06-2021,1081482,Debt consolidation,C1, 60 months,Not Verified,81500.0,0.1683,272.98,0.1299,12000,14,15217,September,0.5081375888936916,Medium Risk
1452,815918,NC,INDIVIDUAL,2 years,Hoist and Crane Systems Inc,B,MORTGAGE,2021-07-11,16-05-2021,16-05-2021,Current,16-06-2021,1023625,car,B3, 60 months,Not Verified,53640.0,0.1911,130.43,0.1099,6000,22,7417,July,0.5079795005845633,Medium Risk
24700,843290,CA,INDIVIDUAL,10+ years,Laguna Beach Unified School District,B,RENT,2021-08-11,16-05-2021,16-05-2021,Current,16-06-2021,1054067,Debt consolidation,B3, 60 months,Not Verified,80400.0,0.1342,326.07,0.1099,15000,32,18253,August,0.50729975126708,Medium Risk
27875,1049409,NY,INDIVIDUAL,10+ years,RIEGEL TRANSPORTATION INC,C,MORTGAGE,2021-12-11,16-04-2021,16-05-2021,Current,16-06-2021,1280595,home improvement,C5, 60 months,Verified,112000.0,0.1053,485.94,0.1596,20000,20,25731,December,0.5070872617669075,Medium Risk
24449,851196,OH,INDIVIDUAL,3 years,Rafter Equipment Corp.,B,MORTGAGE,2021-09-11,16-05-2021,16-05-2021,Current,16-06-2021,1063098,Debt consolidation,B4, 60 months,Verified,100000.0,0.1589,561.44,0.1242,25000,36,30862,September,0.5065020945022475,Medium Risk
38566,1007647,VA,INDIVIDUAL,1 year,"Ebert & Baumann Consulting Engineers, In",C,RENT,2021-11-11,16-05-2021,16-05-2021,Current,16-06-2021,1234075,wedding,C1, 60 months,Source Verified,72000.0,0.0117,345.08,0.1349,15000,7,18588,November,0.5063470473301184,Medium Risk
24473,829225,IL,INDIVIDUAL,< 1 year,Kishwaukee Community Hospital,C,MORTGAGE,2021-07-11,16-05-2021,16-05-2021,Current,16-06-2021,1019809,Debt consolidation,C1, 60 months,Verified,102000.0,0.1814,518.66,0.1299,22800,54,29532,July,0.5056307821710952,Medium Risk
38564,890643,TX,INDIVIDUAL,5 years,Continental Airlines,B,OWN,2021-09-11,16-05-2021,16-05-2021,Current,16-06-2021,1107289,wedding,B3, 60 months,Source Verified,30000.0,0.0972,265.18,0.1171,12000,17,14571,September,0.5055815609149396,Medium Risk
24242,788667,VA,INDIVIDUAL,5 years,central state hospital,C,RENT,2021-06-11,16-05-2021,16-05-2021,Current,16-06-2021,992423,Debt consolidation,C1, 60 months,Not Verified,60000.0,0.0982,295.73,0.1299,13000,17,17103,June,0.5051391545367224,Medium Risk
24348,829594,NY,INDIVIDUAL,10+ years,Proskauer,C,RENT,2021-07-11,16-05-2021,16-05-2021,Current,16-06-2021,1038697,Debt consolidation,C2, 60 months,Source Verified,126000.0,0.1081,276.06,0.1349,12000,24,15721,July,0.5035776896857261,Medium Risk
24268,841575,IL,INDIVIDUAL,10+ years,Cardiac Surgery Associates,B,MORTGAGE,2021-08-11,16-05-2021,16-05-2021,Current,16-06-2021,1052148,Debt consolidation,B1, 60 months,Source Verified,75000.0,0.2352,361.12,0.0999,17000,32,20576,August,0.5033525661182092,Medium Risk
1491,1006771,NC,INDIVIDUAL,10+ years,"Lusk Services, Inc.",B,MORTGAGE,2021-11-11,16-05-2021,16-05-2021,Current,16-06-2021,1233122,car,B2, 60 months,Verified,79200.0,0.2253,107.85,0.1065,5000,37,5802,November,0.5026903712757397,Medium Risk
24399,890959,CA,INDIVIDUAL,10+ years,Fluor Corporation,B,MORTGAGE,2021-09-11,16-05-2021,16-05-2021,Current,16-06-2021,1107727,Debt consolidation,B3, 60 months,Verified,125000.0,0.164,662.95,0.1171,30000,32,36441,September,0.5021614261409527,Medium Risk
1453,883080,NY,INDIVIDUAL,6 years,nysdoc,B,MORTGAGE,2021-09-11,16-05-2021,16-05-2021,Current,16-06-2021,1098342,car,B1, 60 months,Not Verified,51721.0,0.2773,159.03,0.0991,7500,38,8746,September,0.5017239860803389,Medium Risk
27830,861800,MI,INDIVIDUAL,10+ years,"ThyssenKrupp System Engineering, Inc.",B,MORTGAGE,2021-09-11,16-05-2021,16-05-2021,Current,16-06-2021,1074768,home improvement,B5, 60 months,Source Verified,95000.0,0.1499,333.6,0.1199,15000,23,18663,September,0.5011962585770391,Medium Risk
24342,967338,NY,INDIVIDUAL,9 years,walmart,B,RENT,2021-10-11,16-05-2021,16-05-2021,Current,16-06-2021,1188265,Debt consolidation,B4, 60 months,Source Verified,87996.0,0.195,269.49,0.1242,12000,35,14816,October,0.5003399770013742,Medium Risk
24291,987707,CA,INDIVIDUAL,10+ years,Dept of Water & Power,C,MORTGAGE,2021-10-11,16-05-2021,16-05-2021,Current,16-06-2021,1211944,Debt consolidation,C3, 60 months,Source Verified,150000.0,0.1203,660.99,0.1465,28000,45,35692,October,0.49908894146264926,Medium Risk
30352,772330,NC,INDIVIDUAL,10+ years,Firsthealth of the carolinas,B,MORTGAGE,2021-06-11,16-05-2021,16-05-2021,Current,16-06-2021,974241,major purchase,B3, 60 months,Source Verified,71000.0,0.0602,347.8,0.1099,16000,33,20476,June,0.4990829197089195,Medium Risk
24285,879982,VA,INDIVIDUAL,10+ years,Fairfax County Public Schools,C,MORTGAGE,2021-10-11,16-05-2021,16-05-2021,Current,16-06-2021,1094932,Debt consolidation,C2, 60 months,Source Verified,159000.0,0.1568,585.22,0.1427,25000,21,32160,October,0.498891167975899,Medium Risk
24496,889534,KS,INDIVIDUAL,2 years,Jay Wolfe Acura,C,MORTGAGE,2021-10-11,16-05-2021,16-05-2021,Current,16-06-2021,1106036,Debt consolidation,C3, 60 months,Verified,175000.0,0.0843,660.99,0.1465,28000,33,36353,October,0.4979178276577719,Medium Risk
24435,854646,AR,INDIVIDUAL,7 years,Cerner,B,MORTGAGE,2021-09-11,16-05-2021,16-05-2021,Current,16-06-2021,1066909,Debt consolidation,B3, 60 months,Verified,78804.0,0.2965,297.81,0.1099,13700,45,16666,September,0.49751751993128224,Medium Risk
27816,857831,SC,INDIVIDUAL,6 years,Floyd and Green DBA Prism  Inc.,B,MORTGAGE,2021-08-11,16-05-2021,16-05-2021,Current,16-06-2021,1070336,home improvement,B3, 60 months,Not Verified,42996.0,0.1711,130.43,0.1099,6000,23,7287,August,0.4966110551955834,Medium Risk
27831,831189,IL,INDIVIDUAL,10+ years,U.S. Government,B,MORTGAGE,2021-08-11,16-05-2021,16-05-2021,Current,16-06-2021,1040395,home improvement,B5, 60 months,Source Verified,85000.0,0.0799,400.31,0.1199,18000,21,22789,August,0.49659126823768235,Medium Risk
24402,862109,FL,INDIVIDUAL,10+ years,Broward Sherrif's Office,B,MORTGAGE,2021-09-11,16-04-2021,16-05-2021,Current,16-06-2021,1075089,Debt consolidation,B3, 60 months,Verified,74000.0,0.1669,498.34,0.1099,35000,21,27883,September,0.49637655711090395,Medium Risk
35385,887033,TX,INDIVIDUAL,5 years,Cameron International,B,MORTGAGE,2021-09-11,16-05-2021,16-05-2021,Current,16-06-2021,1103059,other,B5, 60 months,Verified,150000.0,0.0527,677.85,0.1269,30000,13,37233,September,0.4962017696660372,Medium Risk
24452,870636,CA,INDIVIDUAL,7 years,Performance Mechanical,B,MORTGAGE,2021-09-11,16-05-2021,16-05-2021,Current,16-06-2021,1084672,Debt consolidation,B4, 60 months,Verified,91000.0,0.1087,485.38,0.1149,28000,26,27103,September,0.4960179252761375,Medium Risk
24189,815548,SC,INDIVIDUAL,2 years,Compact Power Equipment Centers,B,MORTGAGE,2021-08-11,16-05-2021,16-05-2021,Current,16-06-2021,1023219,Debt consolidation,B3, 60 months,Not Verified,44904.0,0.2223,152.17,0.1099,7000,21,8651,August,0.49565535770352587,Medium Risk
24578,854165,MO,INDIVIDUAL,10+ years,University of Kansas Hospital,B,OWN,2021-08-11,16-05-2021,16-05-2021,Current,16-06-2021,1066396,Debt consolidation,B5, 60 months,Verified,135000.0,0.0858,444.79,0.1199,20000,33,24870,August,0.49459750144763176,Medium Risk
35351,1008593,TX,INDIVIDUAL,< 1 year,Acadia,B,MORTGAGE,2021-11-11,16-05-2021,16-05-2021,Current,16-06-2021,1235076,other,B2, 60 months,Source Verified,72000.0,0.12,258.82,0.1065,12000,33,13936,November,0.4944795295261486,Medium Risk
6406,759508,AL,INDIVIDUAL,6 years,URS Corporation,B,MORTGAGE,2021-05-11,16-05-2021,16-05-2021,Current,16-06-2021,959755,credit card,B3, 60 months,Not Verified,75000.0,0.1917,391.28,0.1099,18000,29,23061,May,0.4944758918565065,Medium Risk
24438,1001480,NC,INDIVIDUAL,9 years,NC Department of Crime Control & Public,B,MORTGAGE,2021-11-11,16-05-2021,16-05-2021,Current,16-06-2021,1227071,Debt consolidation,B2, 60 months,Verified,61900.0,0.1892,582.35,0.1065,27000,26,31349,November,0.4940798747590537,Medium Risk
24395,765567,CT,INDIVIDUAL,10+ years,Stop&Shop Supermarkets,B,MORTGAGE,2021-05-11,16-04-2021,16-05-2021,Current,16-06-2021,966473,Debt consolidation,B1, 60 months,Verified,84000.0,0.1724,361.12,0.0999,17000,31,21286,May,0.4928647363531609,Medium Risk
1450,795595,MA,INDIVIDUAL,10+ years,atlantic express,B,MORTGAGE,2021-07-11,16-04-2021,16-05-2021,Current,16-06-2021,1000346,car,B2, 60 months,Not Verified,53280.0,0.0784,301.54,0.1059,14000,14,17438,July,0.4927804659740264,Medium Risk
35382,967065,VA,INDIVIDUAL,7 years,,B,MORTGAGE,2021-10-11,16-05-2021,16-05-2021,Current,16-06-2021,1187971,other,B2, 60 months,Verified,70000.0,0.1265,434.07,0.1065,20125,17,23851,October,0.4925873317265522,Medium Risk
24464,751480,VA,INDIVIDUAL,10+ years,Fairfax County Fire and Rescue,C,MORTGAGE,2021-07-11,16-05-2021,16-05-2021,Current,16-06-2021,950927,Debt consolidation,C2, 60 months,Verified,135000.0,0.0729,805.17,0.1349,35000,20,46615,July,0.4923309322203902,Medium Risk
24337,775418,CA,INDIVIDUAL,2 years,JPMorgan Chase,B,RENT,2021-06-11,16-05-2021,16-05-2021,Current,16-06-2021,977671,Debt consolidation,B3, 60 months,Source Verified,68000.0,0.1535,391.28,0.1099,18000,15,23054,June,0.4907439620218021,Medium Risk
24443,1002729,CA,INDIVIDUAL,10+ years,Domaine Select Wine Estates,B,MORTGAGE,2021-11-11,16-05-2021,16-05-2021,Current,16-06-2021,1228992,Debt consolidation,B2, 60 months,Verified,106000.0,0.155,262.6,0.1065,12175,33,14115,November,0.49025345143495663,Medium Risk
1465,855539,OH,INDIVIDUAL,8 years,brightwood,B,OWN,2021-08-11,16-05-2021,16-05-2021,Current,16-06-2021,1067857,car,B4, 60 months,Not Verified,60000.0,0.1062,112.14,0.1149,5100,30,6251,August,0.4900906344480785,Medium Risk
24440,1029623,VA,INDIVIDUAL,< 1 year,Truland Systems Corporation,B,MORTGAGE,2021-11-11,16-05-2021,16-05-2021,Current,16-06-2021,1259001,Debt consolidation,B4, 60 months,Verified,101000.0,0.1875,786.01,0.1242,35000,41,41648,November,0.48947156278603965,Medium Risk
1468,801073,NY,INDIVIDUAL,6 years,Pool & Spa Rx,B,RENT,2021-07-11,16-05-2021,16-05-2021,Current,16-06-2021,1006619,car,B3, 60 months,Not Verified,33600.0,0.1743,54.35,0.1099,2500,9,3145,July,0.4880188561052627,Medium Risk
27837,1008749,WI,INDIVIDUAL,5 years,Atlas Copco CMT,C,MORTGAGE,2021-11-11,16-05-2021,16-05-2021,Current,16-06-2021,1235447,home improvement,C3, 60 months,Source Verified,106000.0,0.0903,472.14,0.1465,20000,16,26492,November,0.4878394477362707,Medium Risk
24250,871278,MA,INDIVIDUAL,6 years,Abt Associates Inc.,C,RENT,2021-09-11,16-04-2021,16-05-2021,Current,16-06-2021,1085327,Debt consolidation,C1, 60 months,Not Verified,105000.0,0.0957,363.97,0.1299,16000,8,20312,September,0.48744181047055707,Medium Risk
24297,882577,VA,INDIVIDUAL,1 year,Buffalo Bill Historical Center,C,MORTGAGE,2021-09-11,16-05-2021,16-05-2021,Current,16-06-2021,1097815,Debt consolidation,C5, 60 months,Source Verified,114996.0,0.0701,242.97,0.1596,10000,32,13333,September,0.48716725366156,Medium Risk
27889,882097,NJ,INDIVIDUAL,< 1 year,Euro RSCG Life,G,MORTGAGE,2021-09-11,16-04-2021,16-05-2021,Current,16-06-2021,1097257,home improvement,G4, 60 months,Verified,165000.0,0.0946,516.89,0.2391,18000,48,28347,September,0.4855387097382546,Medium Risk
24306,1015630,CA,INDIVIDUAL,5 years,American Sleep Centers,D,MORTGAGE,2021-11-11,16-05-2021,16-05-2021,Current,16-06-2021,1243098,Debt consolidation,D4, 60 months,Source Verified,160000.0,0.1483,603.98,0.1758,24000,54,32542,November,0.48413736705015437,Medium Risk
24264,987401,CA,INDIVIDUAL,10+ years,State of California,A,MORTGAGE,2021-10-11,16-05-2021,16-05-2021,Current,16-06-2021,1211371,Debt consolidation,A5, 60 months,Source Verified,85356.0,0.2123,229.88,0.089,11100,39,12392,October,0.4828995177311879,Medium Risk
35345,843785,NV,INDIVIDUAL,10+ years,Nye County School District,A,MORTGAGE,2021-08-11,16-05-2021,16-05-2021,Current,16-06-2021,1054612,other,A5, 60 months,Source Verified,65304.0,0.2201,30.77,0.0849,1500,19,1751,August,0.4827094937963282,Medium Risk
24453,984182,TX,INDIVIDUAL,9 years,Austin Independent School District,B,MORTGAGE,2021-10-11,16-05-2021,16-05-2021,Current,16-06-2021,1207369,Debt consolidation,B1, 60 months,Verified,49000.0,0.1697,356.21,0.0991,16800,37,19590,October,0.482257778426161,Medium Risk
6453,1047564,MN,INDIVIDUAL,6 years,Lawson Software,B,MORTGAGE,2021-12-11,16-05-2021,16-05-2021,Current,16-06-2021,1278457,credit card,B5, 60 months,Verified,91663.0,0.1198,497.09,0.1269,22000,22,26319,December,0.4817533876857949,Medium Risk
24607,1008870,CO,INDIVIDUAL,10+ years,Alliance Data Systems,B,RENT,2021-11-11,16-05-2021,16-05-2021,Current,16-06-2021,1235585,Debt consolidation,B4, 60 months,Verified,118000.0,0.0339,359.32,0.1242,16000,27,19382,November,0.4803446708045591,Medium Risk
37657,1042427,CA,INDIVIDUAL,3 years,I-sys Corporation,B,MORTGAGE,2021-12-11,16-05-2021,16-05-2021,Current,16-06-2021,1272507,wedding,B3, 60 months,Source Verified,88000.0,0.0325,111.6,0.1171,8000,20,5905,December,0.47979273266392297,Medium Risk
24197,1032002,MA,INDIVIDUAL,10+ years,Comcast,B,MORTGAGE,2021-11-11,16-04-2021,16-05-2021,Current,16-06-2021,1261433,Debt consolidation,B3, 60 months,Not Verified,120000.0,0.1181,265.18,0.1171,12000,38,14031,November,0.4788752961454461,Medium Risk
24461,801342,AZ,INDIVIDUAL,10+ years,Quest Software Public Sector Inc,C,MORTGAGE,2021-07-11,16-05-2021,16-05-2021,Current,16-06-2021,1006909,Debt consolidation,C1, 60 months,Verified,180000.0,0.0943,551.64,0.1299,24250,22,31381,July,0.4787778994559587,Medium Risk
1477,757934,CA,INDIVIDUAL,7 years,US Navy,B,MORTGAGE,2021-05-11,16-04-2021,16-05-2021,Current,16-06-2021,958037,car,B3, 60 months,Source Verified,67200.0,0.0768,130.43,0.1099,6000,30,7679,May,0.4782570238958626,Medium Risk
24433,1029654,WV,INDIVIDUAL,7 years,Trex Inc.,B,MORTGAGE,2021-12-11,16-05-2021,16-05-2021,Current,16-06-2021,1259037,Debt consolidation,B3, 60 months,Verified,45000.0,0.0611,441.97,0.1171,20000,15,23391,December,0.4744052658799765,Medium Risk
24474,985275,FL,INDIVIDUAL,< 1 year,Directions for Mental Health,C,MORTGAGE,2021-10-11,16-05-2021,16-05-2021,Current,16-06-2021,1208971,Debt consolidation,C2, 60 months,Verified,180000.0,0.0969,304.32,0.1427,13000,27,16699,October,0.4733849473139011,Medium Risk
30346,780524,IL,INDIVIDUAL,10+ years,three crowns park,A,OWN,2021-06-11,16-05-2021,16-05-2021,Current,16-06-2021,976834,major purchase,A5, 60 months,Not Verified,54000.0,0.1258,246.15,0.0849,12000,33,14507,June,0.4723385068941365,Medium Risk
24281,861845,FL,INDIVIDUAL,10+ years,"Microsystems, Inc",B,MORTGAGE,2021-09-11,16-05-2021,16-05-2021,Current,16-06-2021,1074813,Debt consolidation,B4, 60 months,Source Verified,120000.0,0.0784,329.82,0.1149,15000,22,18436,September,0.47114504839447086,Medium Risk
6417,887545,AL,INDIVIDUAL,3 years,South Baldwin Regional Medical Center,B,RENT,2021-09-11,16-05-2021,16-05-2021,Current,16-06-2021,1103720,credit card,B3, 60 months,Not Verified,72000.0,0.2182,298.33,0.1171,13500,20,16396,September,0.47106662287860407,Medium Risk
1467,1015527,TX,INDIVIDUAL,2 years,East side showroom,B,RENT,2021-11-11,16-05-2021,16-05-2021,Current,16-06-2021,1243195,car,B1, 60 months,Not Verified,40000.0,0.0129,254.44,0.0991,12000,7,13739,November,0.4701691496671012,Medium Risk
27874,748225,TX,INDIVIDUAL,4 years,JW Wireline,C,MORTGAGE,2021-05-11,16-05-2021,16-05-2021,Current,16-06-2021,947251,home improvement,C5, 60 months,Verified,113000.0,0.1505,231.94,0.1523,9700,21,13886,May,0.46919457975224077,Medium Risk
24407,808396,NM,INDIVIDUAL,10+ years,New Mexico State University,B,MORTGAGE,2021-07-11,16-05-2021,16-05-2021,Current,16-06-2021,1015121,Debt consolidation,B4, 60 months,Verified,100000.0,0.1836,543.65,0.1149,28000,50,31433,July,0.468351052358967,Medium Risk
24193,769685,TX,INDIVIDUAL,4 years,Gulf States Toyota,B,MORTGAGE,2021-06-11,16-05-2021,16-05-2021,Current,16-06-2021,971177,Debt consolidation,B5, 60 months,Not Verified,83000.0,0.1356,444.79,0.1199,20000,24,26185,June,0.4676255921948018,Medium Risk
24403,1009419,OK,INDIVIDUAL,10+ years,USAF,B,MORTGAGE,2021-11-11,16-05-2021,16-05-2021,Current,16-06-2021,1236145,Debt consolidation,B3, 60 months,Verified,106000.0,0.2925,495.0,0.1171,22400,24,26695,November,0.4665110168913951,Medium Risk
30353,871974,LA,INDIVIDUAL,10+ years,US Air Force,B,MORTGAGE,2021-09-11,16-05-2021,16-05-2021,Current,16-06-2021,1086035,major purchase,B2, 60 months,Source Verified,82000.0,0.1266,301.54,0.1059,14000,24,16844,September,0.46603563650038576,Medium Risk
6435,865681,NJ,INDIVIDUAL,4 years,International Fund Services,B,RENT,2021-09-11,16-05-2021,16-05-2021,Current,16-06-2021,1067129,credit card,B3, 60 months,Source Verified,70000.0,0.2044,228.25,0.1099,15000,24,12762,September,0.46575617844684053,Medium Risk
24195,986049,CA,INDIVIDUAL,9 years,San Bernardino County Sheriffs Dept,B,MORTGAGE,2021-10-11,16-05-2021,16-05-2021,Current,16-06-2021,1209987,Debt consolidation,B1, 60 months,Not Verified,72000.0,0.1618,254.44,0.0991,12000,23,13994,October,0.46574490494428034,Medium Risk
24265,1027372,NV,INDIVIDUAL,3 years,sterling autobody,A,MORTGAGE,2021-11-11,16-05-2021,16-05-2021,Current,16-06-2021,1256723,Debt consolidation,A5, 60 months,Source Verified,50400.0,0.199,265.09,0.089,12800,13,14005,November,0.46427667598890915,Medium Risk
35317,973197,OR,INDIVIDUAL,7 years,Radius Management,A,MORTGAGE,2021-10-11,16-05-2021,16-05-2021,Current,16-06-2021,1195199,other,A5, 60 months,Not Verified,47148.0,0.2464,248.52,0.089,12000,14,13660,October,0.4633633924078895,Medium Risk
1492,832773,KY,INDIVIDUAL,10+ years,time warner cable,B,MORTGAGE,2021-08-11,16-05-2021,16-05-2021,Current,16-06-2021,1042208,car,B3, 60 months,Verified,60000.0,0.0534,21.74,0.1099,1000,31,1236,August,0.4610875350682278,Medium Risk
24231,1055372,IL,INDIVIDUAL,1 year,Home State Bank,A,RENT,2021-12-11,16-05-2021,16-05-2021,Current,16-06-2021,1286922,Debt consolidation,A5, 60 months,Not Verified,46000.0,0.1448,289.94,0.089,14000,28,15338,December,0.45863474725582143,Medium Risk
24224,862963,MD,INDIVIDUAL,3 years,Ebay Giving Works Foundation,B,OWN,2021-09-11,16-05-2021,16-05-2021,Current,16-06-2021,1075978,Debt consolidation,B3, 60 months,Not Verified,80000.0,0.1092,391.28,0.1099,18000,25,21897,September,0.45850950295826354,Medium Risk
27852,778517,KS,INDIVIDUAL,10+ years,Comcast,B,MORTGAGE,2021-06-11,16-05-2021,16-05-2021,Current,16-06-2021,981122,home improvement,B3, 60 months,Verified,75000.0,0.0949,434.75,0.1099,20000,26,25604,June,0.4584093466731724,Medium Risk
38560,808861,PA,INDIVIDUAL,1 year,Princeton Brain and Spine,C,RENT,2021-07-11,16-05-2021,16-05-2021,Current,16-06-2021,1015622,wedding,C5, 60 months,Not Verified,90000.0,0.2031,286.93,0.1523,12000,23,16587,July,0.45810089580897373,Medium Risk
6424,1022696,KY,INDIVIDUAL,10+ years,JPM Chase,A,MORTGAGE,2021-11-11,16-05-2021,16-05-2021,Current,16-06-2021,1251487,credit card,A5, 60 months,Source Verified,60000.0,0.096,248.52,0.089,12000,31,13120,November,0.4576092091009115,Medium Risk
6432,725556,TX,INDIVIDUAL,5 years,Housing authority el paso texas,E,MORTGAGE,2021-05-11,16-05-2021,16-05-2021,Current,16-06-2021,920821,credit card,E3, 60 months,Source Verified,29000.0,0.1084,218.99,0.06,10400,15,13887,May,0.4563817003943449,Medium Risk
6478,973573,NJ,INDIVIDUAL,4 years,Ogilvy CommonHealth,B,RENT,2021-10-11,16-05-2021,16-05-2021,Current,16-06-2021,1195592,credit card,B4, 60 months,Verified,100000.0,0.1097,786.01,0.1242,35000,25,43219,October,0.4563196680340852,Medium Risk
27857,871677,TX,INDIVIDUAL,5 years,Red River Army Depot,B,MORTGAGE,2021-09-11,16-05-2021,16-05-2021,Current,16-06-2021,1085757,home improvement,B3, 60 months,Verified,54000.0,0.29,327.7,0.1099,15075,36,18330,September,0.45602491166732867,Medium Risk
24237,827017,NY,INDIVIDUAL,7 years,Fordham University,B,RENT,2021-07-11,16-04-2021,16-05-2021,Current,16-06-2021,1035937,Debt consolidation,B1, 60 months,Not Verified,51996.0,0.1509,159.32,0.0999,7500,17,9076,July,0.4559096732234715,Medium Risk
1459,1034346,OH,INDIVIDUAL,10+ years,Coastal Pet Products,B,MORTGAGE,2021-12-11,16-05-2021,16-05-2021,Current,16-06-2021,1263946,car,B2, 60 months,Not Verified,64800.0,0.2661,323.53,0.1065,15000,32,17113,December,0.45396559490881466,Medium Risk
24430,1042101,NY,INDIVIDUAL,6 years,Wiedenbach-Brown,B,MORTGAGE,2021-12-11,16-05-2021,16-05-2021,Current,16-06-2021,1272375,Debt consolidation,B2, 60 months,Verified,83496.0,0.14,627.64,0.1065,29100,23,33186,December,0.4485361259393133,Medium Risk
6718,1064386,PA,INDIVIDUAL,10+ years,Lockheed Martin,B,MORTGAGE,2021-12-11,16-05-2021,16-04-2021,Current,16-05-2021,1298184,Debt consolidation,B5, 60 months,Verified,130000.0,0.2613,372.25,0.1269,25975,29,19343,December,0.44749768795480693,Medium Risk
27860,980395,MD,INDIVIDUAL,10+ years,CAPITOL CARDIOLOGY ASSOCIATES,B,MORTGAGE,2021-10-11,16-05-2021,16-05-2021,Current,16-06-2021,1203578,home improvement,B3, 60 months,Verified,120000.0,0.118,662.95,0.1171,30000,35,36432,October,0.4473657469749738,Medium Risk
38558,871731,TX,INDIVIDUAL,5 years,cPanel Inc,D,MORTGAGE,2021-09-11,16-05-2021,16-05-2021,Current,16-06-2021,1085884,wedding,D2, 60 months,Not Verified,74000.0,0.0958,291.76,0.1599,12000,17,16296,September,0.447323776589757,Medium Risk
24269,758811,WI,INDIVIDUAL,10+ years,Columbus Community Hospital,B,MORTGAGE,2021-05-11,16-05-2021,16-05-2021,Current,16-06-2021,959017,Debt consolidation,B1, 60 months,Source Verified,83000.0,0.1768,280.4,0.0999,13200,38,16527,May,0.4472480987056024,Medium Risk
24392,1022731,TX,INDIVIDUAL,1 year,Clear Channel Communication,B,MORTGAGE,2021-11-11,16-05-2021,16-05-2021,Current,16-06-2021,1251722,Debt consolidation,B3, 60 months,Verified,115000.0,0.1227,662.95,0.1171,30000,29,35112,November,0.4465774966083472,Medium Risk
1460,823960,TX,INDIVIDUAL,10+ years,ConocoPhillips,B,MORTGAGE,2021-08-11,16-05-2021,16-05-2021,Current,16-06-2021,1032564,car,B5, 60 months,Not Verified,93000.0,0.1412,222.4,0.1199,10000,18,12649,August,0.4464432646848401,Medium Risk
24448,1015868,MA,INDIVIDUAL,2 years,CRICO RMF,B,MORTGAGE,2021-11-11,16-04-2021,16-05-2021,Current,16-06-2021,1243559,Debt consolidation,B4, 60 months,Verified,120000.0,0.0954,449.15,0.1242,20000,53,24232,November,0.44510306361328544,Medium Risk
1464,754416,FL,INDIVIDUAL,3 years,glades health care,A,OWN,2021-05-11,16-05-2021,16-04-2021,Current,16-05-2021,954133,car,A5, 60 months,Not Verified,41520.0,0.1139,82.05,0.0849,4000,18,4831,May,0.4449250230432422,Medium Risk
27826,865507,NJ,INDIVIDUAL,10+ years,Howell Township,B,MORTGAGE,2021-09-11,16-05-2021,16-05-2021,Current,16-06-2021,1078822,home improvement,B5, 60 months,Source Verified,175000.0,0.1506,444.79,0.1199,20000,31,24893,September,0.44269827017330876,Medium Risk
24192,839265,VA,INDIVIDUAL,4 years,Town of Warrenton,B,MORTGAGE,2021-08-11,16-05-2021,16-05-2021,Current,16-06-2021,1049425,Debt consolidation,B2, 60 months,Not Verified,53000.0,0.2208,303.16,0.1059,14075,32,17251,August,0.4413770459164252,Medium Risk
35379,830156,NJ,INDIVIDUAL,5 years,,B,MORTGAGE,2021-08-11,16-05-2021,16-05-2021,Current,16-06-2021,1039308,other,B2, 60 months,Verified,121908.0,0.0597,280.01,0.1059,13000,24,15881,August,0.44035049381380026,Medium Risk
27854,873817,CA,INDIVIDUAL,10+ years,Lockheed Martin,B,MORTGAGE,2021-10-11,16-05-2021,16-05-2021,Current,16-06-2021,1088148,home improvement,B5, 60 months,Verified,175000.0,0.1518,451.9,0.1269,20000,40,24831,October,0.43969375630116025,Medium Risk
6454,872700,HI,INDIVIDUAL,5 years,"MCBH Kaneohe, Facilities Dept. EM Shop",B,MORTGAGE,2021-09-11,16-05-2021,16-05-2021,Current,16-06-2021,1086911,credit card,B5, 60 months,Verified,56196.0,0.0645,22.24,0.1199,1000,21,1243,September,0.4392903905612046,Medium Risk
27866,762510,NM,INDIVIDUAL,10+ years,Affordable Dentures Albuquerque-PC,C,MORTGAGE,2021-05-11,16-05-2021,16-05-2021,Current,16-06-2021,963040,home improvement,C2, 60 months,Verified,470000.0,0.0844,805.17,0.1349,35000,36,47475,May,0.4383926463473289,Medium Risk
27833,774318,NY,INDIVIDUAL,7 years,White Plains Hospital,C,MORTGAGE,2021-06-11,16-04-2021,16-05-2021,Current,16-06-2021,976483,home improvement,C1, 60 months,Source Verified,200000.0,0.0239,454.96,0.1299,20000,22,26786,June,0.4350271243817721,Medium Risk
1727,1058381,CA,INDIVIDUAL,2 years,Bensamochan and Poghosyan,C,RENT,2021-12-11,16-05-2021,16-05-2021,Current,16-06-2021,1289962,credit card,C3, 60 months,Verified,160000.0,0.1181,660.99,0.1465,28000,62,35032,December,0.43405871778770894,Medium Risk
6449,1045291,MA,INDIVIDUAL,7 years,Martignetti Companies,B,MORTGAGE,2021-12-11,16-05-2021,16-05-2021,Current,16-06-2021,1275705,credit card,B4, 60 months,Verified,150000.0,0.1284,606.35,0.1242,27000,37,32125,December,0.4334353765474833,Medium Risk
35316,868293,MD,INDIVIDUAL,4 years,Department of Homeland Security,A,MORTGAGE,2021-09-11,16-05-2021,16-05-2021,Current,16-06-2021,1082063,other,A5, 60 months,Not Verified,105000.0,0.1774,102.56,0.0849,5000,37,5731,September,0.4332669495335898,Medium Risk
35383,884733,FL,INDIVIDUAL,8 years,The Slab Depot Granite & Marble LLC,B,MORTGAGE,2021-09-11,16-05-2021,16-05-2021,Current,16-06-2021,1100193,other,B1, 60 months,Verified,150000.0,0.0394,593.68,0.0991,28000,29,32652,September,0.4325123104759522,Medium Risk
24413,790502,NY,INDIVIDUAL,10+ years,Allergan,B,MORTGAGE,2021-06-11,16-04-2021,16-05-2021,Current,16-06-2021,994647,Debt consolidation,B5, 60 months,Verified,150000.0,0.217,667.19,0.1199,30000,28,38666,June,0.42954367369392105,Medium Risk
30367,856049,AZ,INDIVIDUAL,< 1 year,Healthsouth Yuma Rehabilitation Hospital,B,MORTGAGE,2021-09-11,16-05-2021,16-05-2021,Current,16-06-2021,1068354,major purchase,B2, 60 months,Verified,68496.0,0.0,502.93,0.1059,30000,18,28115,September,0.4286081653607474,Medium Risk
1478,757023,VA,INDIVIDUAL,10+ years,US Dept of Commercce,B,MORTGAGE,2021-05-11,16-05-2021,16-05-2021,Current,16-06-2021,957009,car,B5, 60 months,Source Verified,88992.0,0.0,66.72,0.1199,3000,14,3927,May,0.42828097436243395,Medium Risk
27856,972565,CA,INDIVIDUAL,4 years,UCSF Medical Center,B,MORTGAGE,2021-10-11,16-05-2021,16-05-2021,Current,16-06-2021,1194516,home improvement,B5, 60 months,Verified,115000.0,0.0666,632.66,0.1269,28000,8,34189,October,0.42720808037075114,Medium Risk
24459,1044134,CA,INDIVIDUAL,2 years,Spiro Moss LLP,B,MORTGAGE,2021-12-11,16-05-2021,16-05-2021,Current,16-06-2021,1274477,Debt consolidation,B5, 60 months,Verified,180000.0,0.0677,542.28,0.1269,24000,19,28692,December,0.4267331931568599,Medium Risk
27836,806864,NJ,INDIVIDUAL,< 1 year,Citigroup,C,MORTGAGE,2021-07-11,16-05-2021,16-05-2021,Current,16-06-2021,1013260,home improvement,C2, 60 months,Source Verified,300000.0,0.0724,368.08,0.1349,16000,43,21319,July,0.4221035259288851,Medium Risk
28259,882849,WA,INDIVIDUAL,6 years, pacific crane maintenance company,B,MORTGAGE,2021-09-11,16-05-2021,16-05-2021,Current,16-06-2021,1098094,house,B3, 60 months,Verified,100000.0,0.019,589.47,0.1171,35000,18,32394,September,0.419882309599651,Medium Risk
38569,844956,VA,INDIVIDUAL,2 years,SAIC,G,RENT,2021-08-11,16-05-2021,16-05-2021,Current,16-06-2021,1056075,wedding,G1, 60 months,Source Verified,150000.0,0.0888,113.5,0.2211,4100,29,6463,August,0.41714485730952905,Medium Risk
1456,846546,WI,INDIVIDUAL,10+ years,midwest family,B,MORTGAGE,2021-08-11,16-05-2021,16-05-2021,Current,16-06-2021,1057947,car,B1, 60 months,Not Verified,72000.0,0.0755,95.59,0.0999,4500,41,5444,August,0.411142184512125,Medium Risk
27827,1023044,NJ,INDIVIDUAL,9 years,US Army Corps of Engineers,B,MORTGAGE,2021-11-11,16-05-2021,16-05-2021,Current,16-06-2021,1251844,home improvement,B4, 60 months,Source Verified,150000.0,0.1038,786.01,0.1242,35000,28,41642,November,0.41109846350282003,Medium Risk
24202,995327,KS,INDIVIDUAL,7 years,"Law Office of Cathleen Gulledge, LLC",B,MORTGAGE,2021-10-11,16-05-2021,16-05-2021,Current,16-06-2021,1220102,Debt consolidation,B1, 60 months,Not Verified,70720.0,0.0884,296.84,0.0991,14000,20,16028,October,0.41046343761752235,Medium Risk
28257,1018175,NY,INDIVIDUAL,10+ years,RCN Telecom,B,MORTGAGE,2021-11-11,16-05-2021,16-05-2021,Current,16-06-2021,1246412,house,B1, 60 months,Verified,72000.0,0.0905,636.09,0.0991,30000,25,34347,November,0.4099646529983376,Medium Risk
24423,834632,AZ,INDIVIDUAL,3 years,Terralever,B,MORTGAGE,2021-08-11,16-04-2021,16-05-2021,Current,16-06-2021,1044504,Debt consolidation,B4, 60 months,Verified,200000.0,0.0844,374.89,0.1149,21000,19,20902,August,0.4068092708895031,Medium Risk
24276,867296,OH,INDIVIDUAL,3 years,,B,MORTGAGE,2021-09-11,16-05-2021,16-05-2021,Current,16-06-2021,1080906,Debt consolidation,B4, 60 months,Source Verified,170000.0,0.1104,496.92,0.1149,35000,50,27798,September,0.4064129697876991,Medium Risk
24266,1033437,FL,INDIVIDUAL,4 years,zakheim and lavrar,A,MORTGAGE,2021-11-11,16-05-2021,16-05-2021,Current,16-06-2021,1263008,Debt consolidation,A5, 60 months,Source Verified,65508.0,0.0744,173.97,0.089,8400,23,9188,November,0.40265798918637047,Medium Risk
1469,728422,NY,INDIVIDUAL,8 years,new york container terminal,B,RENT,2021-04-11,16-04-2021,16-05-2021,Current,16-06-2021,924106,car,B2, 60 months,Not Verified,66000.0,0.0484,198.66,0.1,9350,7,11906,April,0.40140296593080776,Medium Risk
27863,775135,OR,INDIVIDUAL,2 years,Department of the Interior,B,MORTGAGE,2021-06-11,16-05-2021,16-05-2021,Current,16-06-2021,977371,home improvement,B5, 60 months,Verified,107000.0,0.1367,391.42,0.1199,28000,22,22656,June,0.40096086504357525,Medium Risk
1454,787054,MO,INDIVIDUAL,10+ years,His Brush Painting Company,B,MORTGAGE,2021-06-11,16-05-2021,16-05-2021,Current,16-06-2021,990553,car,B4, 60 months,Not Verified,84000.0,0.081,21.99,0.1149,1000,26,1264,June,0.4000926683460256,Medium Risk
24232,893140,NY,INDIVIDUAL,10+ years,Montefiore hospital,A,RENT,2021-10-11,16-05-2021,16-05-2021,Current,16-06-2021,1110193,Debt consolidation,A4, 60 months,Not Verified,40000.0,0.21,242.75,0.079,12000,29,13346,October,0.3970006570213197,Medium Risk
27851,1044599,WA,INDIVIDUAL,10+ years,,B,MORTGAGE,2021-12-11,16-05-2021,16-05-2021,Current,16-06-2021,1274966,home improvement,B1, 60 months,Verified,72000.0,0.0107,636.09,0.0991,30000,37,33712,December,0.39689160718898475,Medium Risk
1461,1046480,PA,INDIVIDUAL,2 years,Equipment Transport LLC.,B,MORTGAGE,2021-12-11,14-06-2021,16-05-2021,Current,16-06-2021,1277523,car,B4, 60 months,Not Verified,106800.0,0.066,67.38,0.1242,3000,46,3567,December,0.39329339740468466,Medium Risk
6426,834105,CA,INDIVIDUAL,10+ years,,B,MORTGAGE,2021-08-11,16-05-2021,16-05-2021,Current,16-06-2021,1043914,credit card,B3, 60 months,Source Verified,168000.0,0.1435,760.82,0.1099,35000,21,43351,August,0.38460516577813253,Medium Risk
31039,854851,NY,INDIVIDUAL,3 years,The Bank of New York Mellon,B,RENT,2021-08-11,16-05-2021,16-05-2021,Current,16-06-2021,1067125,medical,B3, 60 months,Verified,192000.0,0.0022,173.9,0.1099,8000,5,9713,August,0.3829709734484395,Medium Risk
35315,747464,CA,INDIVIDUAL,3 years,Par Electric,A,MORTGAGE,2021-05-11,16-05-2021,16-04-2021,Current,16-05-2021,946397,other,A5, 60 months,Not Verified,85000.0,0.0637,71.8,0.0849,3500,11,4227,May,0.37856238050788965,Medium Risk
24393,839935,OR,INDIVIDUAL,1 year,Kantor Taylor Nelson Boyd & Evatt PC,B,MORTGAGE,2021-08-11,16-04-2021,16-05-2021,Current,16-06-2021,1050212,Debt consolidation,B5, 60 months,Verified,162500.0,0.0685,667.19,0.1199,30000,22,38005,August,0.3768133644316418,Medium Risk
27862,995648,AL,INDIVIDUAL,4 years,"SPM, LLC",B,MORTGAGE,2021-11-11,16-05-2021,16-05-2021,Current,16-06-2021,1220235,home improvement,B5, 60 months,Verified,150000.0,0.0755,790.82,0.1269,35000,24,42688,November,0.37635577085490596,Medium Risk
27817,988132,VA,INDIVIDUAL,8 years,Mary Washington Health Care,B,MORTGAGE,2021-10-11,16-05-2021,16-05-2021,Current,16-06-2021,1212549,home improvement,B5, 60 months,Not Verified,100000.0,0.0522,271.14,0.1269,12000,24,14623,October,0.37497141358334096,Medium Risk
27861,833578,GA,INDIVIDUAL,10+ years,Newell Rubbermaid,B,MORTGAGE,2021-08-11,16-05-2021,16-05-2021,Current,16-06-2021,1043247,home improvement,B4, 60 months,Verified,159000.0,0.0561,439.76,0.1149,20000,17,24935,August,0.3725003518588866,Medium Risk
1448,866432,GA,INDIVIDUAL,7 years,Golden Bell Management,A,MORTGAGE,2021-09-11,16-05-2021,16-05-2021,Current,16-06-2021,1079804,car,A5, 60 months,Not Verified,70800.0,0.0778,153.84,0.0849,7500,32,8604,September,0.3709458765498983,Medium Risk
27865,796556,CA,INDIVIDUAL,9 years,Valley View Casino and Hotel,B,MORTGAGE,2021-06-11,16-05-2021,16-05-2021,Current,16-06-2021,1001410,home improvement,B3, 60 months,Verified,115000.0,0.0973,260.85,0.1099,12000,17,15110,June,0.3709108132504706,Medium Risk
27825,759631,VA,INDIVIDUAL,10+ years,army,B,MORTGAGE,2021-05-11,16-05-2021,16-05-2021,Current,16-06-2021,959884,home improvement,B1, 60 months,Source Verified,84000.0,0.0337,318.64,0.0999,15000,19,18790,May,0.3667633036704576,Medium Risk
24184,753819,CA,INDIVIDUAL,10+ years,KeyPoint Credit Union,A,MORTGAGE,2021-05-11,16-05-2021,16-04-2021,Current,16-05-2021,953503,Debt consolidation,A5, 60 months,Not Verified,75600.0,0.1043,205.12,0.0849,10000,22,12074,May,0.35727323478617257,Medium Risk
6404,992646,NY,INDIVIDUAL,4 years,grassland power equipement,A,MORTGAGE,2021-10-11,16-05-2021,16-05-2021,Current,16-06-2021,1217183,credit card,A5, 60 months,Not Verified,50000.0,0.0898,248.52,0.089,12000,19,13361,October,0.35179208985201704,Medium Risk
1455,798045,VA,INDIVIDUAL,3 years,Southeastern Freight Lines,B,MORTGAGE,2021-07-11,16-05-2021,16-05-2021,Current,16-06-2021,1003122,car,B1, 60 months,Not Verified,55200.0,0.1015,169.94,0.0999,8000,30,9848,July,0.3451494155170291,Medium Risk
24374,745718,CA,INDIVIDUAL,2 years,deloitte tax llp,E,RENT,2021-05-11,16-05-2021,16-05-2021,Current,16-06-2021,944338,Debt consolidation,E3, 60 months,Source Verified,75000.0,0.1998,132.64,0.06,6400,25,8614,May,0.34409071807496105,Medium Risk
24427,876697,MA,INDIVIDUAL,5 years,"Iatric Systems, Inc",B,MORTGAGE,2021-09-11,16-04-2021,16-05-2021,Current,16-06-2021,1079836,Debt consolidation,B1, 60 months,Verified,105000.0,0.2667,605.41,0.0999,28500,32,33893,September,0.3438222484773836,Medium Risk
6425,860402,NY,INDIVIDUAL,10+ years,xerox cor.,A,MORTGAGE,2021-09-11,16-04-2021,16-05-2021,Current,16-06-2021,1073195,credit card,A5, 60 months,Source Verified,78000.0,0.1358,289.73,0.0849,14125,50,16222,September,0.33452098021426313,Medium Risk
25050,1054178,TX,INDIVIDUAL,10+ years,Raytheon,B,MORTGAGE,2021-12-11,16-05-2021,16-05-2021,Current,16-06-2021,1285805,home improvement,B3, 60 months,Source Verified,133224.0,0.1097,272.37,0.1171,18000,30,14424,December,0.32497462584930864,Medium Risk
6671,977277,TX,INDIVIDUAL,2 years,The Woodlands Financial Group,B,MORTGAGE,2021-12-11,16-05-2021,16-04-2021,Current,16-05-2021,1200058,Debt consolidation,B2, 60 months,Verified,175000.0,0.0523,290.64,0.1065,20000,39,15066,December,0.32247047337330687,Medium Risk
24183,1039148,PA,INDIVIDUAL,1 year,Norris Sales Company Inc.,A,MORTGAGE,2021-12-11,16-05-2021,16-05-2021,Current,16-06-2021,1269078,Debt consolidation,A5, 60 months,Not Verified,68124.0,0.1145,289.94,0.089,14000,24,15332,December,0.31894806905057077,Medium Risk
27859,994699,TX,INDIVIDUAL,10+ years,US ARMY,B,MORTGAGE,2021-10-11,16-05-2021,16-05-2021,Current,16-06-2021,1219349,home improvement,B2, 60 months,Verified,190000.0,0.1704,323.53,0.1065,15000,28,17400,October,0.31738499119049396,Medium Risk
24432,785018,VA,INDIVIDUAL,7 years,WL Gore,B,MORTGAGE,2021-06-11,16-04-2021,16-05-2021,Current,16-06-2021,988282,Debt consolidation,B3, 60 months,Verified,130000.0,0.05,433.67,0.1099,19950,18,25110,June,0.31719692236065045,Medium Risk
30364,867531,IL,INDIVIDUAL,10+ years,Hewlett-Packard,B,MORTGAGE,2021-09-11,16-05-2021,16-05-2021,Current,16-06-2021,1081138,major purchase,B4, 60 months,Verified,144000.0,0.0292,552.99,0.1149,35000,29,30917,September,0.3167557240802365,Medium Risk
24185,1000497,CT,INDIVIDUAL,7 years,The Childrens Place,A,MORTGAGE,2021-11-11,16-04-2021,16-05-2021,Current,16-06-2021,1226139,Debt consolidation,A4, 60 months,Not Verified,53000.0,0.2774,283.2,0.079,14000,26,15247,November,0.31349934175321487,Medium Risk
24267,1018453,KY,INDIVIDUAL,1 year,University of Kentucky,B,MORTGAGE,2021-11-11,16-05-2021,16-05-2021,Current,16-06-2021,1246699,Debt consolidation,B4, 60 months,Source Verified,270000.0,0.0678,786.01,0.1242,35000,26,42431,November,0.3131253320443066,Medium Risk
27828,871242,TX,INDIVIDUAL,< 1 year,Munday Chevrolet,B,MORTGAGE,2021-09-11,16-05-2021,16-05-2021,Current,16-06-2021,1085364,home improvement,B3, 60 months,Source Verified,156000.0,0.1338,260.85,0.1099,12000,26,14587,September,0.3130162852650838,Medium Risk
27810,877651,PA,INDIVIDUAL,10+ years,St. Lukes Hospital,A,MORTGAGE,2021-09-11,16-05-2021,16-05-2021,Current,16-06-2021,1092430,home improvement,A4, 60 months,Not Verified,50000.0,0.024,280.47,0.0749,14000,29,15701,September,0.31209640674013145,Medium Risk
27811,1022317,MN,INDIVIDUAL,6 years,Country View of Lakeville,A,MORTGAGE,2021-11-11,16-05-2021,16-04-2021,Current,16-05-2021,1251094,home improvement,A4, 60 months,Not Verified,48000.0,0.064,254.88,0.079,12600,16,13471,November,0.29182373076873,Low Risk
35313,872504,CA,INDIVIDUAL,1 year,Yucca Valley Ford Center,A,MORTGAGE,2021-09-11,16-05-2021,16-05-2021,Current,16-06-2021,1086704,other,A4, 60 months,Not Verified,80004.0,0.0909,260.44,0.0749,13000,38,14581,September,0.2902361928927035,Low Risk
31032,867863,NY,INDIVIDUAL,10+ years,Diversified Control Inc.,A,MORTGAGE,2021-09-11,16-04-2021,16-05-2021,Current,16-06-2021,1081493,medical,A4, 60 months,Not Verified,65000.0,0.0343,260.44,0.0749,13000,26,14577,September,0.28475938114504484,Low Risk
35314,790821,WA,INDIVIDUAL,10+ years,Huntleigh USA,A,MORTGAGE,2021-06-11,16-05-2021,16-05-2021,Current,16-06-2021,995039,other,A4, 60 months,Not Verified,55200.0,0.0248,109.19,0.0749,5450,35,6330,June,0.2839352127685137,Low Risk
6444,874821,NY,INDIVIDUAL,10+ years,Citigroup Technology Inc,A,MORTGAGE,2021-09-11,16-05-2021,16-05-2021,Current,16-06-2021,1089321,credit card,A5, 60 months,Verified,103000.0,0.2457,278.96,0.0849,13600,37,15601,September,0.2809248948310849,Low Risk
27824,980397,SC,INDIVIDUAL,4 years,HealthSource Chiropractor,A,MORTGAGE,2021-10-11,16-05-2021,16-05-2021,Current,16-06-2021,1199875,home improvement,A4, 60 months,Source Verified,50000.0,0.006,97.1,0.079,4800,26,5323,October,0.2800904512537058,Low Risk
28256,1018925,FL,INDIVIDUAL,3 years,Scientific Research Corp.,A,MORTGAGE,2021-11-11,16-05-2021,16-05-2021,Current,16-06-2021,1247389,house,A5, 60 months,Verified,150000.0,0.1402,289.94,0.089,14000,25,15588,November,0.265328547403522,Low Risk
25051,1059120,NY,INDIVIDUAL,8 years,NYC Deparment Of Corrections,A,MORTGAGE,2021-12-11,16-05-2021,16-05-2021,Current,16-06-2021,1290934,home improvement,A4, 60 months,Verified,90000.0,0.0844,353.5,0.079,17475,18,18692,December,0.22069240974941887,Low Risk
